ACCIDENT_DATE,ACCIDENT_TIME,ALCOHOLTIME,ACCIDENT_TYPE,DCA_CODE,HIT_RUN_FLAG,LIGHT_CONDITION,POLICE_ATTEND,ROAD_GEOMETRY,SEVERITY,SPEED_ZONE,LONGITUDE,LATITUDE,LGA_NAME,REGION_NAME,TOTAL_PERSONS,INJ_OR_FATAL,FATALITY,SERIOUSINJURY,OTHERINJURY,NONINJURED,MALES,FEMALES,BICYCLIST,PASSENGER,DRIVER,PEDESTRIAN,PILLION,MOTORIST,UNKNOWN,PED_CYCLIST_5_12,PED_CYCLIST_13_18,OLD_PEDESTRIAN,OLD_DRIVER,YOUNG_DRIVER,ALCOHOL_RELATED,UNLICENCSED,NO_OF_VEHICLES,HEAVYVEHICLE,PASSENGERVEHICLE,MOTORCYCLE,PUBLICVEHICLE,DEG_URBAN_NAME
13/01/2014,09.25.00,No,Struck Pedestrian,PED NEAR SIDE. PED HIT BY VEHICLE FROM THE RIGHT.,No,Day,Yes,Not at intersection,Serious injury accident,60 km/hr,145.05332,-37.80949,BOROONDARA,METROPOLITAN SOUTH EAST REGION,2,1,0,1,0,1,1,1,0,0,1,1,0,0,0,0,0,0,0,0,No,0,1,0,1,0,0,Metropolitan Excluding CBD
13/01/2014,09.45.00,No,Collision with a fixed object,RIGHT OFF CARRIAGEWAY INTO OBJECT/PARKED VEHICLE,No,Day,Yes,Not at intersection,Other injury accident,100 km/hr,143.66281,-37.57223,BALLARAT,SOUTH WESTERN REGION,1,1,0,0,1,0,0,1,0,0,1,0,0,0,0,0,0,0,0,0,No,0,1,0,1,0,0,Country
13/01/2014,09.30.00,No,Struck Pedestrian,PED NEAR SIDE. PED HIT BY VEHICLE FROM THE RIGHT.,No,Day,Yes,T intersection,Serious injury accident,60 km/hr,144.3244,-38.17152,GEELONG,SOUTH WESTERN REGION,2,1,0,1,0,1,1,1,0,0,1,1,0,0,0,0,0,1,0,0,No,0,1,0,1,0,0,Large Provincial Cities
13/01/2014,10.40.00,No,Collision with vehicle,HEAD ON (NOT OVERTAKING),No,Day,Yes,T intersection,Other injury accident,100 km/hr,145.15065,-38.07222,KINGSTON,METROPOLITAN SOUTH EAST REGION,3,2,0,0,2,1,2,1,0,1,2,0,0,0,0,0,0,0,1,0,No,0,2,1,1,0,0,Metropolitan Excluding CBD
13/01/2014,13.00.00,No,Struck Pedestrian,ANY MANOEUVRE INVOLVING PED NOT INCLUDED IN DCAs 100-108.,No,Day,Yes,T intersection,Serious injury accident,40 km/hr,144.9992,-37.76766,DAREBIN,METROPOLITAN NORTH WEST REGION,2,1,0,1,0,1,2,0,0,0,1,1,0,0,0,0,0,1,0,0,No,0,1,0,1,0,0,Metropolitan Excluding CBD
13/01/2014,13.00.00,No,Collision with vehicle,LANE CHANGE LEFT (NOT OVERTAKING),No,Day,No,Not at intersection,Other injury accident,60 km/hr,145.10734,-37.81598,WHITEHORSE,METROPOLITAN SOUTH EAST REGION,2,1,0,0,1,1,2,0,0,0,2,0,0,0,0,0,0,0,0,0,No,0,2,0,2,0,0,Metropolitan Excluding CBD
13/01/2014,12.21.00,No,Collision with vehicle,LANE CHANGE LEFT (NOT OVERTAKING),No,Day,Yes,Not at intersection,Other injury accident,100 km/hr,144.89139,-37.72476,MOONEE VALLEY,METROPOLITAN NORTH WEST REGION,4,3,0,0,3,1,1,3,0,2,2,0,0,0,0,0,0,0,0,1,No,0,2,1,1,0,0,Metropolitan Excluding CBD
13/01/2014,13.45.00,No,Struck Pedestrian,PED NEAR SIDE. PED HIT BY VEHICLE FROM THE RIGHT.,No,Day,Yes,T intersection,Other injury accident,60 km/hr,145.08416,-37.91535,GLEN EIRA,METROPOLITAN SOUTH EAST REGION,2,1,0,0,1,1,0,2,0,0,1,1,0,0,0,0,0,0,0,0,No,0,1,0,1,0,0,Metropolitan Excluding CBD
13/01/2014,13.45.00,No,Collision with vehicle,VEHICLE COLLIDES WITH VEHICLE PARKED ON LEFT OF ROAD,No,Day,Yes,Not at intersection,Serious injury accident,50 km/hr,144.8951,-37.80856,MARIBYRNONG,METROPOLITAN NORTH WEST REGION,1,1,0,1,0,0,1,0,0,0,1,0,0,0,0,0,0,0,0,0,No,0,2,0,2,0,0,Metropolitan Excluding CBD
13/01/2014,13.00.00,No,Collision with vehicle,REAR END(VEHICLES IN SAME LANE),No,Day,Yes,Not at intersection,Other injury accident,70 km/hr,145.13808,-37.73308,NILLUMBIK,METROPOLITAN NORTH WEST REGION,2,1,0,0,1,1,0,2,1,0,1,0,0,0,0,0,0,0,0,0,No,0,2,0,1,0,0,Metropolitan Excluding CBD
13/01/2014,18.20.00,Yes,Vehicle overturned (no collision),OFF CARRIAGEWAY TO LEFT,No,Day,Yes,Not at intersection,Fatal accident,100 km/hr,145.47857,-36.60687,STRATHBOGIE,NORTH EASTERN REGION,8,8,2,5,1,0,8,0,0,7,1,0,0,0,0,0,0,0,0,0,No,0,1,0,1,0,0,Country
13/01/2014,14.55.00,No,Collision with vehicle,U TURN,No,Day,Yes,Not at intersection,Serious injury accident,50 km/hr,144.66159,-38.26662,QUEENSCLIFFE,SOUTH WESTERN REGION,3,2,0,1,1,1,2,1,0,0,1,0,1,1,0,0,0,0,0,1,No,0,2,0,1,1,0,Other Towns
13/01/2014,16.23.00,No,Collision with vehicle,U TURN,No,Day,Yes,Not at intersection,Other injury accident,100 km/hr,143.14921,-37.96875,CORANGAMITE,SOUTH WESTERN REGION,3,3,0,0,3,0,2,0,0,1,2,0,0,0,0,0,0,0,0,1,No,0,2,0,2,0,0,Country
13/01/2014,21.00.00,Yes,Fall from or in moving vehicle,FELL IN/FROM VEHICLE,No,Dusk/Dawn,Yes,Not at intersection,Serious injury accident,110 km/hr,144.73407,-37.64335,MELTON,METROPOLITAN NORTH WEST REGION,3,1,0,1,0,2,0,3,0,2,1,0,0,0,0,0,0,0,0,0,No,0,1,0,1,0,0,Country
13/01/2014,19.19.00,Yes,Collision with vehicle,RIGHT THROUGH,No,Day,Yes,T intersection,Other injury accident,80 km/hr,145.11901,-37.68363,NILLUMBIK,METROPOLITAN NORTH WEST REGION,2,1,0,0,1,1,1,1,0,0,2,0,0,0,0,0,0,0,0,0,No,0,2,0,2,0,0,Metropolitan Excluding CBD
13/01/2014,20.15.00,Yes,Collision with vehicle,REAR END(VEHICLES IN SAME LANE),No,Dusk/Dawn,Yes,T intersection,Other injury accident,60 km/hr,144.99911,-37.64926,WHITTLESEA,METROPOLITAN NORTH WEST REGION,2,2,0,0,2,0,1,1,0,0,2,0,0,0,0,0,0,0,0,1,No,0,2,0,2,0,0,Metropolitan Excluding CBD
13/01/2014,20.00.00,Yes,Collision with vehicle,LEFT NEAR (INTERSECTIONS ONLY),No,Dusk/Dawn,Yes,T intersection,Serious injury accident,60 km/hr,145.05612,-37.20306,MITCHELL,NORTHERN REGION,3,1,0,1,0,2,1,2,0,1,2,0,0,0,0,0,0,0,0,1,No,0,2,0,2,0,0,Other Towns
13/01/2014,21.00.00,Yes,Collision with vehicle,HEAD ON (NOT OVERTAKING),No,Dark Street lights on,Yes,Not at intersection,Other injury accident,50 km/hr,145.0763,-37.65291,WHITTLESEA,METROPOLITAN NORTH WEST REGION,2,1,0,0,1,1,1,1,0,0,1,0,0,1,0,0,0,0,0,0,No,0,2,0,1,1,0,Metropolitan Excluding CBD
13/01/2014,22.10.00,Yes,Collision with vehicle,LEFT NEAR (INTERSECTIONS ONLY),No,Dark Street lights on,Yes,T intersection,Other injury accident,60 km/hr,145.00307,-37.75026,DAREBIN,METROPOLITAN NORTH WEST REGION,2,1,0,0,1,1,2,0,0,0,1,0,0,1,0,0,0,0,0,0,No,0,2,0,1,1,0,Metropolitan Excluding CBD
13/01/2014,22.30.00,Yes,Collision with a fixed object,OFF RIGHT BEND INTO OBJECT/PARKED VEHICLE,No,Dark No street lights,Yes,Not at intersection,Serious injury accident,80 km/hr,142.21029,-34.33189,MILDURA,WESTERN REGION,1,1,0,1,0,0,1,0,0,0,0,0,0,1,0,0,0,0,0,0,Yes,0,1,0,0,1,0,Country
13/01/2014,23.30.00,Yes,Collision with vehicle,CROSS TRAFFIC(INTERSECTIONS ONLY),No,Dark Street lights on,Yes,Cross intersection,Other injury accident,70 km/hr,145.01049,-37.86042,GLEN EIRA,METROPOLITAN NORTH WEST REGION,3,1,0,0,1,2,1,2,0,1,2,0,0,0,0,0,0,0,0,0,No,0,2,0,2,0,0,Metropolitan Excluding CBD
13/01/2014,13.45.00,No,Vehicle overturned (no collision),OFF CARRIAGEWAY ON RIGHT BEND,No,Day,Yes,Not at intersection,Other injury accident,100 km/hr,146.1395,-38.61719,SOUTH GIPPSLAND,EASTERN REGION,1,1,0,0,1,0,1,0,0,0,1,0,0,0,0,0,0,0,0,0,No,0,1,1,0,0,0,Country
13/01/2014,18.00.00,Yes,Collision with vehicle,U TURN,No,Day,Yes,Not at intersection,Other injury accident,70 km/hr,145.1659,-37.81819,WHITEHORSE,METROPOLITAN SOUTH EAST REGION,3,2,0,0,2,1,2,1,0,0,3,0,0,0,0,0,0,0,0,0,No,0,3,0,3,0,0,Metropolitan Excluding CBD
13/01/2014,16.00.00,No,Collision with vehicle,VEHICLE STRIKES DOOR OF PARKED/STATIONARY VEHICLE,No,Day,No,T intersection,Serious injury accident,Not known,144.97991,-37.88451,PORT PHILLIP,METROPOLITAN NORTH WEST REGION,2,1,0,1,0,1,1,1,1,0,1,0,0,0,0,0,0,0,0,0,No,0,2,0,1,0,0,Metropolitan Excluding CBD
13/01/2014,13.45.00,No,Collision with a fixed object,RIGHT OFF CARRIAGEWAY INTO OBJECT/PARKED VEHICLE,Yes,Day,Yes,Not at intersection,Other injury accident,60 km/hr,142.47015,-38.35993,WARRNAMBOOL,SOUTH WESTERN REGION,4,1,0,0,1,3,3,1,0,3,1,0,0,0,0,0,0,0,0,0,No,0,1,0,1,0,0,Small Provincial Cities
13/01/2014,12.45.00,No,Collision with vehicle,OTHER ADJACENT (INTERSECTIONS ONLY),No,Unk.,No,T intersection,Other injury accident,Not known,144.89058,-37.72667,MOONEE VALLEY,METROPOLITAN NORTH WEST REGION,4,2,0,0,2,2,3,1,0,1,3,0,0,0,0,0,0,0,0,1,No,0,3,0,3,0,0,Metropolitan Excluding CBD
14/01/2014,09.30.00,No,Collision with vehicle,REAR END(VEHICLES IN SAME LANE),No,Day,No,Not at intersection,Other injury accident,60 km/hr,144.98574,-37.86528,PORT PHILLIP,METROPOLITAN NORTH WEST REGION,4,1,0,0,1,3,2,2,0,1,3,0,0,0,0,0,0,0,0,1,No,0,3,0,3,0,0,Metropolitan Excluding CBD
14/01/2014,00.45.00,Yes,Collision with a fixed object,LEFT OFF CARRIAGEWAY INTO OBJECT/PARKED VEHICLE,No,Dark Street lights on,Yes,Not at intersection,Serious injury accident,60 km/hr,145.14462,-38.06691,KINGSTON,METROPOLITAN SOUTH EAST REGION,2,1,0,1,0,1,2,0,0,0,1,1,0,0,0,0,0,0,0,1,No,1,1,0,1,0,0,Metropolitan Excluding CBD
14/01/2014,06.45.00,No,Collision with vehicle,RIGHT THROUGH,No,Dusk/Dawn,Yes,T intersection,Other injury accident,50 km/hr,144.36915,-38.14741,GEELONG,SOUTH WESTERN REGION,2,1,0,0,1,1,1,1,1,0,1,0,0,0,0,0,0,0,0,0,No,0,2,0,1,0,0,Large Provincial Cities
14/01/2014,08.10.00,No,Collision with vehicle,HEAD ON (NOT OVERTAKING),No,Day,Yes,Not at intersection,Serious injury accident,40 km/hr,144.96493,-37.81198,MELBOURNE,METROPOLITAN NORTH WEST REGION,2,1,0,1,0,1,2,0,1,0,1,0,0,0,0,0,0,0,0,0,No,0,2,0,0,0,1,Metropolitan CBD Only
14/01/2014,08.50.00,No,Collision with vehicle,RIGHT/LEFT. ONE VEH TURNING RIGHT THE OTHER LEFT.,No,Day,Yes,Cross intersection,Other injury accident,70 km/hr,145.09922,-37.85063,WHITEHORSE,METROPOLITAN SOUTH EAST REGION,2,1,0,0,1,1,0,2,1,0,1,0,0,0,0,0,0,0,0,0,No,0,2,0,1,0,0,Metropolitan Excluding CBD
14/01/2014,07.56.00,No,Collision with a fixed object,LEFT OFF CARRIAGEWAY INTO OBJECT/PARKED VEHICLE,No,Day,Yes,Not at intersection,Other injury accident,100 km/hr,144.60775,-37.75124,MELTON,METROPOLITAN NORTH WEST REGION,1,1,0,0,1,0,0,1,0,0,1,0,0,0,0,0,0,0,0,0,No,0,1,0,1,0,0,Country
14/01/2014,05.00.00,Yes,Collision with a fixed object,OFF RIGHT BEND INTO OBJECT/PARKED VEHICLE,No,Dark Street lights off,Yes,Not at intersection,Other injury accident,100 km/hr,146.7095,-38.15815,LATROBE,EASTERN REGION,1,1,0,0,1,0,1,0,0,0,1,0,0,0,0,0,0,0,0,0,No,0,1,0,1,0,0,Country
14/01/2014,10.50.00,No,Collision with vehicle,LANE CHANGE LEFT (NOT OVERTAKING),No,Day,Yes,T intersection,Serious injury accident,80 km/hr,145.05113,-37.95634,KINGSTON,METROPOLITAN SOUTH EAST REGION,2,1,0,1,0,1,1,1,0,0,2,0,0,0,0,0,0,0,0,1,No,0,2,0,2,0,0,Metropolitan Excluding CBD
14/01/2014,06.35.00,No,Collision with vehicle,LANE SIDE SWIPE (VEHICLES IN PARALLEL LANES),No,Dusk/Dawn,Yes,Not at intersection,Serious injury accident,60 km/hr,145.06518,-37.99178,KINGSTON,METROPOLITAN SOUTH EAST REGION,2,1,0,1,0,1,2,0,1,0,1,0,0,0,0,0,0,0,0,0,No,0,2,0,1,0,0,Metropolitan Excluding CBD
14/01/2014,10.45.00,No,Collision with vehicle,RIGHT NEAR (INTERSECTIONS ONLY),No,Day,Yes,T intersection,Other injury accident,40 km/hr,142.20494,-36.72305,HORSHAM,WESTERN REGION,2,1,0,0,1,1,1,1,0,0,2,0,0,0,0,0,0,0,0,1,No,0,2,1,1,0,0,Small Provincial Cities
14/01/2014,12.40.00,No,Collision with a fixed object,OFF LEFT BEND INTO OBJECT/PARKED VEHICLE,No,Day,Yes,Not at intersection,Serious injury accident,100 km/hr,146.12945,-38.74201,SOUTH GIPPSLAND,EASTERN REGION,1,1,0,1,0,0,0,1,0,0,1,0,0,0,0,0,0,0,0,1,No,0,1,0,1,0,0,Country
14/01/2014,14.30.00,No,Collision with vehicle,REAR END(VEHICLES IN SAME LANE),No,Day,Yes,Not at intersection,Serious injury accident,60 km/hr,145.22205,-37.97824,DANDENONG,METROPOLITAN SOUTH EAST REGION,3,1,0,1,0,2,2,1,0,0,2,1,0,0,0,0,0,0,0,0,No,0,2,0,2,0,0,Metropolitan Excluding CBD
14/01/2014,11.20.00,No,Collision with a fixed object,LEFT OFF CARRIAGEWAY INTO OBJECT/PARKED VEHICLE,No,Day,Yes,Not at intersection,Fatal accident,100 km/hr,142.86808,-38.3889,CORANGAMITE,SOUTH WESTERN REGION,1,1,1,0,0,0,1,0,0,0,1,0,0,0,0,0,0,0,0,0,No,0,1,1,0,0,0,Country
14/01/2014,14.12.00,No,Collision with vehicle,HEAD ON (NOT OVERTAKING),No,Day,Yes,Not at intersection,Serious injury accident,100 km/hr,143.90258,-36.83366,LODDON,NORTHERN REGION,2,1,0,1,0,1,2,0,0,0,2,0,0,0,0,0,0,0,1,0,No,0,2,1,1,0,0,Country
14/01/2014,13.53.00,No,Collision with vehicle,REAR END(VEHICLES IN SAME LANE),No,Day,Yes,Not at intersection,Other injury accident,80 km/hr,145.19335,-38.00136,DANDENONG,METROPOLITAN SOUTH EAST REGION,9,2,0,0,2,7,2,7,0,4,5,0,0,0,0,0,0,0,0,1,No,0,5,0,5,0,0,Metropolitan Excluding CBD
14/01/2014,17.30.00,No,Collision with a fixed object,OFF LEFT BEND INTO OBJECT/PARKED VEHICLE,No,Day,Yes,Not at intersection,Other injury accident,100 km/hr,147.05616,-36.31819,INDIGO,NORTH EASTERN REGION,1,1,0,0,1,0,1,0,0,0,1,0,0,0,0,0,0,0,0,0,No,0,1,0,1,0,0,Country
14/01/2014,17.40.00,No,Collision with a fixed object,LEFT OFF CARRIAGEWAY INTO OBJECT/PARKED VEHICLE,No,Day,Yes,Not at intersection,Serious injury accident,100 km/hr,144.69436,-38.188,GEELONG,SOUTH WESTERN REGION,1,1,0,1,0,0,1,0,0,0,1,0,0,0,0,0,0,0,0,0,No,0,1,0,1,0,0,Country
14/01/2014,05.30.00,Yes,Collision with vehicle,U TURN,No,Dusk/Dawn,Yes,Not at intersection,Other injury accident,80 km/hr,145.28634,-37.88746,KNOX,METROPOLITAN SOUTH EAST REGION,2,1,0,0,1,1,1,1,0,0,2,0,0,0,0,0,0,0,0,0,No,0,2,0,2,0,0,Metropolitan Excluding CBD
14/01/2014,18.30.00,Yes,Collision with vehicle,RIGHT THROUGH,No,Day,Yes,Cross intersection,Other injury accident,60 km/hr,144.89239,-37.80326,MARIBYRNONG,METROPOLITAN NORTH WEST REGION,3,2,0,0,2,1,2,1,1,0,2,0,0,0,0,0,0,0,0,0,No,0,3,0,2,0,0,Metropolitan Excluding CBD
14/01/2014,15.50.00,No,Collision with vehicle,VEHICLE STRIKES ANOTHER VEH WHILE EMERGING FROM DRIVEWAY,Yes,Day,Yes,Not at intersection,Serious injury accident,50 km/hr,147.98881,-37.86484,EAST GIPPSLAND,EASTERN REGION,5,4,0,4,0,1,3,2,0,3,2,0,0,0,0,0,0,0,0,2,No,0,2,0,2,0,0,Other Towns
14/01/2014,17.20.00,No,Collision with vehicle,RIGHT THROUGH,No,Day,Yes,T intersection,Serious injury accident,60 km/hr,144.98271,-38.32253,MORNINGTON PENINSULA,METROPOLITAN SOUTH EAST REGION,3,2,0,1,1,1,2,1,0,0,1,0,1,1,0,0,0,0,0,1,No,0,2,0,1,1,0,Metropolitan Excluding CBD
14/01/2014,15.00.00,No,Collision with a fixed object,RIGHT OFF CARRIAGEWAY INTO OBJECT/PARKED VEHICLE,No,Day,Yes,Not at intersection,Serious injury accident,80 km/hr,144.42334,-38.16764,GEELONG,SOUTH WESTERN REGION,1,1,0,1,0,0,0,1,0,0,1,0,0,0,0,0,0,0,1,0,No,0,1,0,1,0,0,Large Provincial Cities
14/01/2014,23.30.00,Yes,Collision with a fixed object,OFF RIGHT BEND INTO OBJECT/PARKED VEHICLE,No,Dark Street lights on,Yes,Not at intersection,Serious injury accident,60 km/hr,144.06776,-37.00294,MOUNT ALEXANDER,NORTHERN REGION,1,1,0,1,0,0,1,0,0,0,1,0,0,0,0,0,0,0,0,0,No,0,1,1,0,0,0,Other Towns
14/01/2014,21.44.00,Yes,Collision with a fixed object,LEFT OFF CARRIAGEWAY INTO OBJECT/PARKED VEHICLE,No,Dark No street lights,Yes,Not at intersection,Other injury accident,60 km/hr,145.91799,-37.22058,MURRINDINDI,NORTH EASTERN REGION,1,1,0,0,1,0,1,0,0,0,1,0,0,0,0,0,0,0,0,0,Yes,0,1,0,1,0,0,Country
14/01/2014,16.15.00,No,Collision with vehicle,VEHICLE STRIKES DOOR OF PARKED/STATIONARY VEHICLE,No,Day,No,Not at intersection,Serious injury accident,60 km/hr,144.85638,-37.83956,HOBSONS BAY,METROPOLITAN NORTH WEST REGION,2,1,0,1,0,1,1,1,1,0,1,0,0,0,0,0,0,0,0,0,No,0,2,0,1,0,0,Metropolitan Excluding CBD
14/01/2014,22.00.00,Yes,Collision with vehicle,REAR END(VEHICLES IN SAME LANE),No,Dark Street lights on,Yes,Not at intersection,Other injury accident,60 km/hr,145.35132,-38.04845,CASEY,METROPOLITAN SOUTH EAST REGION,7,1,0,0,1,6,4,3,0,4,3,0,0,0,0,0,0,0,0,3,No,0,3,0,3,0,0,Metropolitan Excluding CBD
14/01/2014,17.45.00,No,Collision with vehicle,VEHICLE STRIKES DOOR OF PARKED/STATIONARY VEHICLE,No,Day,No,Not at intersection,Other injury accident,40 km/hr,144.95518,-37.81877,MELBOURNE,METROPOLITAN NORTH WEST REGION,2,1,0,0,1,1,1,1,1,0,1,0,0,0,0,0,0,0,0,0,No,0,2,0,1,0,0,Metropolitan CBD Only
14/01/2014,18.00.00,Yes,Collision with vehicle,REAR END(VEHICLES IN SAME LANE),No,Day,No,Not at intersection,Other injury accident,100 km/hr,144.93756,-37.76463,MOONEE VALLEY,METROPOLITAN NORTH WEST REGION,2,1,0,0,1,1,0,2,0,0,2,0,0,0,0,0,0,0,0,0,No,0,2,0,2,0,0,Metropolitan Excluding CBD
14/01/2014,16.35.00,No,Struck Pedestrian,PED NEAR SIDE. PED HIT BY VEHICLE FROM THE RIGHT.,Not known,Day,Yes,Not at intersection,Other injury accident,Other speed limit,147.06562,-38.10836,WELLINGTON,EASTERN REGION,2,1,0,0,1,1,0,1,0,0,1,1,0,0,0,0,0,0,0,0,No,0,1,0,1,0,0,Small Provincial Cities
14/01/2014,09.00.00,No,Collision with vehicle,VEHICLE OFF FOOTPATH STRIKES VEH ON CARRIAGEWAY,No,Day,No,Cross intersection,Other injury accident,50 km/hr,142.16076,-34.18645,MILDURA,WESTERN REGION,2,1,0,0,1,1,0,2,1,0,1,0,0,0,0,0,0,0,0,0,No,0,2,0,1,0,0,Small Provincial Cities
14/01/2014,17.30.00,No,Struck Pedestrian,PED NEAR SIDE. PED HIT BY VEHICLE FROM THE RIGHT.,No,Day,No,T intersection,Serious injury accident,50 km/hr,145.11047,-38.03807,KINGSTON,METROPOLITAN SOUTH EAST REGION,2,1,0,1,0,1,0,2,0,0,1,1,0,0,0,0,0,0,0,0,No,0,1,0,1,0,0,Metropolitan Excluding CBD
14/01/2014,14.00.00,No,Struck Pedestrian,VEH STRIKES PED ON FOOTPATH/MEDIAN/TRAFFIC ISLAND.,Yes,Day,Not known,Not at intersection,Serious injury accident,60 km/hr,145.22174,-37.97989,DANDENONG,METROPOLITAN SOUTH EAST REGION,2,1,0,1,0,1,1,0,0,0,0,1,0,0,1,0,0,0,0,0,No,0,1,0,0,0,0,Metropolitan Excluding CBD
14/01/2014,11.00.00,No,Collision with vehicle,REAR END(VEHICLES IN SAME LANE),No,Day,No,Not at intersection,Other injury accident,Not known,144.97643,-37.79289,YARRA,METROPOLITAN NORTH WEST REGION,2,1,0,0,1,1,2,0,0,0,2,0,0,0,0,0,0,0,0,0,No,0,2,0,2,0,0,Metropolitan Excluding CBD
15/01/2014,16.05.00,No,Struck Pedestrian,ANY MANOEUVRE INVOLVING PED NOT INCLUDED IN DCAs 100-108.,No,Day,No,T intersection,Other injury accident,60 km/hr,144.97365,-37.83388,MELBOURNE,METROPOLITAN NORTH WEST REGION,2,1,0,0,1,1,1,1,0,0,1,1,0,0,0,0,0,0,0,1,No,0,1,0,1,0,0,Metropolitan Excluding CBD
15/01/2014,18.50.00,Yes,Collision with vehicle,LANE CHANGE LEFT (NOT OVERTAKING),No,Day,Yes,Not at intersection,Serious injury accident,80 km/hr,145.0194,-37.83109,YARRA,METROPOLITAN NORTH WEST REGION,2,1,0,1,0,1,1,1,0,0,1,0,0,1,0,0,0,0,0,0,No,0,2,0,1,1,0,Metropolitan Excluding CBD
15/01/2014,08.00.00,No,Collision with vehicle,REAR END(VEHICLES IN SAME LANE),No,Day,Yes,Not at intersection,Other injury accident,80 km/hr,145.00959,-37.85998,STONNINGTON,METROPOLITAN SOUTH EAST REGION,4,1,0,0,1,3,1,3,0,2,2,0,0,0,0,0,0,0,0,0,No,0,2,0,2,0,0,Metropolitan Excluding CBD
15/01/2014,09.04.00,No,Collision with vehicle,LEFT NEAR (INTERSECTIONS ONLY),No,Day,Yes,T intersection,Other injury accident,40 km/hr,144.97483,-37.81179,MELBOURNE,METROPOLITAN NORTH WEST REGION,2,1,0,0,1,1,2,0,1,0,1,0,0,0,0,0,0,0,0,0,No,0,2,0,1,0,0,Metropolitan Excluding CBD
15/01/2014,20.00.00,Yes,Collision with vehicle,REAR END(VEHICLES IN SAME LANE),No,Dusk/Dawn,No,T intersection,Other injury accident,50 km/hr,145.11814,-38.03548,KINGSTON,METROPOLITAN SOUTH EAST REGION,4,1,0,0,1,3,1,3,0,1,3,0,0,0,0,0,0,0,0,1,No,0,3,0,3,0,0,Metropolitan Excluding CBD
15/01/2014,16.00.00,No,Collision with vehicle,HEAD ON (NOT OVERTAKING),No,Day,No,Not at intersection,Other injury accident,50 km/hr,144.2536,-36.74734,BENDIGO,NORTHERN REGION,2,1,0,0,1,1,2,0,1,0,1,0,0,0,0,0,1,0,0,0,No,0,2,0,1,0,0,Large Provincial Cities
15/01/2014,03.20.00,Yes,Collision with a fixed object,OFF RIGHT BEND INTO OBJECT/PARKED VEHICLE,No,Dark Street lights on,No,T intersection,Serious injury accident,80 km/hr,145.24415,-37.92655,KNOX,METROPOLITAN SOUTH EAST REGION,1,1,0,1,0,0,1,0,0,0,1,0,0,0,0,0,0,0,0,0,No,0,1,0,1,0,0,Metropolitan Excluding CBD
15/01/2014,07.30.00,No,Collision with vehicle,CROSS TRAFFIC(INTERSECTIONS ONLY),No,Day,Yes,Cross intersection,Serious injury accident,60 km/hr,143.86118,-37.52899,BALLARAT,WESTERN REGION,2,1,0,1,0,1,2,0,1,0,1,0,0,0,0,0,0,0,0,0,No,0,2,0,0,0,0,Large Provincial Cities
15/01/2014,08.44.00,No,No collision and no object struck,OUT OF CONTROL ON CARRIAGEWAY (ON STRAIGHT),No,Day,Yes,Not at intersection,Serious injury accident,70 km/hr,145.0095,-37.86028,PORT PHILLIP,METROPOLITAN NORTH WEST REGION,1,1,0,1,0,0,1,0,0,0,0,0,0,1,0,0,0,0,0,0,No,0,1,0,0,1,0,Metropolitan Excluding CBD
15/01/2014,11.40.00,No,Collision with a fixed object,LEFT OFF CARRIAGEWAY INTO OBJECT/PARKED VEHICLE,No,Day,Yes,Not at intersection,Serious injury accident,70 km/hr,144.61858,-38.19071,GEELONG,SOUTH WESTERN REGION,2,2,0,1,1,0,1,1,0,1,1,0,0,0,0,0,0,0,0,0,No,0,1,0,1,0,0,Country
15/01/2014,10.15.00,No,Collision with a fixed object,RIGHT OFF CARRIAGEWAY INTO OBJECT/PARKED VEHICLE,No,Day,Yes,Not at intersection,Other injury accident,70 km/hr,144.39346,-38.03883,GEELONG,SOUTH WESTERN REGION,1,1,0,0,1,0,0,1,0,0,1,0,0,0,0,0,0,0,0,0,No,0,1,0,1,0,0,Country
15/01/2014,07.50.00,No,Collision with vehicle,HEAD ON (NOT OVERTAKING),No,Day,Yes,Not at intersection,Other injury accident,100 km/hr,146.16683,-38.38954,SOUTH GIPPSLAND,EASTERN REGION,2,1,0,0,1,1,1,1,0,0,2,0,0,0,0,0,0,0,0,1,No,0,2,0,2,0,0,Country
15/01/2014,11.50.00,No,Collision with a fixed object,RIGHT OFF CARRIAGEWAY INTO OBJECT/PARKED VEHICLE,No,Day,Yes,Not at intersection,Other injury accident,100 km/hr,144.32039,-38.10551,GEELONG,SOUTH WESTERN REGION,1,1,0,0,1,0,1,0,0,0,1,0,0,0,0,0,0,0,0,0,No,0,1,0,1,0,0,Country
15/01/2014,15.30.00,No,Collision with vehicle,REAR END(VEHICLES IN SAME LANE),No,Day,Yes,Not at intersection,Other injury accident,60 km/hr,145.21571,-37.99221,DANDENONG,METROPOLITAN SOUTH EAST REGION,7,1,0,0,1,6,3,4,0,3,4,0,0,0,0,0,0,0,0,0,No,0,4,0,4,0,0,Metropolitan Excluding CBD
15/01/2014,08.15.00,No,No collision and no object struck,OUT OF CONTROL ON CARRIAGEWAY (ON STRAIGHT),No,Day,No,Not at intersection,Other injury accident,40 km/hr,144.96026,-37.81064,MELBOURNE,METROPOLITAN NORTH WEST REGION,2,1,0,0,1,1,2,0,1,0,1,0,0,0,0,0,0,0,0,0,No,0,2,0,1,0,0,Metropolitan CBD Only