ACCIDENT_DATE,ACCIDENT_TIME,ALCOHOLTIME,ACCIDENT_TYPE,DCA_CODE,HIT_RUN_FLAG,LIGHT_CONDITION,POLICE_ATTEND,ROAD_GEOMETRY,SEVERITY,SPEED_ZONE,LONGITUDE,LATITUDE,LGA_NAME,REGION_NAME,TOTAL_PERSONS,INJ_OR_FATAL,FATALITY,SERIOUSINJURY,OTHERINJURY,NONINJURED,MALES,FEMALES,BICYCLIST,PASSENGER,DRIVER,PEDESTRIAN,PILLION,MOTORIST,UNKNOWN,PED_CYCLIST_5_12,PED_CYCLIST_13_18,OLD_PEDESTRIAN,OLD_DRIVER,YOUNG_DRIVER,ALCOHOL_RELATED,UNLICENCSED,NO_OF_VEHICLES,HEAVYVEHICLE,PASSENGERVEHICLE,MOTORCYCLE,PUBLICVEHICLE,DEG_URBAN_NAME
26/03/2014,06.55.00,No,Struck Pedestrian,ANY MANOEUVRE INVOLVING PED NOT INCLUDED IN DCAs 100-108.,No,Dark No street lights,Yes,Not at intersection,Fatal accident,100 km/hr,144.59141,-37.28212,MACEDON RANGES,NORTHERN REGION,2,1,1,0,0,1,2,0,0,0,1,1,0,0,0,0,0,0,0,0,No,0,1,1,0,0,0,Country
26/03/2014,15.00.00,No,Collision with vehicle,CROSS TRAFFIC(INTERSECTIONS ONLY),No,Day,Yes,Cross intersection,Serious injury accident,70 km/hr,145.05427,-37.66257,WHITTLESEA,METROPOLITAN NORTH WEST REGION,2,1,0,1,0,1,1,1,1,0,1,0,0,0,0,0,0,0,0,0,No,0,2,0,1,0,0,Metropolitan Excluding CBD
26/03/2014,16.37.00,No,Collision with vehicle,RIGHT NEAR (INTERSECTIONS ONLY),No,Day,Yes,Cross intersection,Other injury accident,50 km/hr,145.0566,-37.73522,BANYULE,METROPOLITAN NORTH WEST REGION,2,1,0,0,1,1,1,1,0,0,2,0,0,0,0,0,0,0,0,0,No,0,2,0,2,0,0,Metropolitan Excluding CBD
26/03/2014,16.05.00,No,Collision with a fixed object,LEFT OFF CARRIAGEWAY INTO OBJECT/PARKED VEHICLE,No,Day,Yes,Not at intersection,Serious injury accident,100 km/hr,144.84048,-37.60645,HUME,METROPOLITAN NORTH WEST REGION,1,1,0,1,0,0,1,0,0,0,1,0,0,0,0,0,0,0,1,0,No,0,1,0,1,0,0,Country
26/03/2014,17.45.00,No,Collision with vehicle,RIGHT THROUGH,No,Dusk/Dawn,Yes,Not at intersection,Other injury accident,50 km/hr,143.84433,-37.55815,BALLARAT,WESTERN REGION,4,2,0,0,2,2,1,3,0,1,3,0,0,0,0,0,0,0,1,1,No,0,3,0,3,0,0,Large Provincial Cities
26/03/2014,08.25.00,No,Collision with vehicle,VEHICLE STRIKES DOOR OF PARKED/STATIONARY VEHICLE,No,Day,No,Not at intersection,Other injury accident,50 km/hr,144.93016,-37.67461,HUME,METROPOLITAN NORTH WEST REGION,3,1,0,0,1,2,0,3,1,1,1,0,0,0,0,0,0,0,0,0,No,0,2,0,1,0,0,Metropolitan Excluding CBD
26/03/2014,18.20.00,Yes,Collision with vehicle,VEHICLE STRIKES ANOTHER VEH WHILE EMERGING FROM DRIVEWAY,No,Dusk/Dawn,Yes,Not at intersection,Serious injury accident,70 km/hr,145.19888,-37.85869,WHITEHORSE,METROPOLITAN SOUTH EAST REGION,2,1,0,1,0,1,2,0,1,0,1,0,0,0,0,0,0,0,0,0,No,0,2,0,1,0,0,Metropolitan Excluding CBD
26/03/2014,18.35.00,Yes,Struck Pedestrian,PED WALKING AGAINST TRAFFIC.,No,Dusk/Dawn,Yes,T intersection,Serious injury accident,60 km/hr,144.75346,-37.57867,HUME,METROPOLITAN NORTH WEST REGION,2,1,0,1,0,1,2,0,0,0,1,1,0,0,0,0,0,0,0,1,No,0,1,0,1,0,0,Small Provincial Cities
26/03/2014,19.15.00,Yes,Collision with vehicle,U TURN,No,Dark Street lights on,Yes,Not at intersection,Serious injury accident,60 km/hr,145.05148,-37.85858,STONNINGTON,METROPOLITAN SOUTH EAST REGION,2,1,0,1,0,1,1,1,0,0,1,0,0,1,0,0,0,0,0,0,No,0,2,0,1,1,0,Metropolitan Excluding CBD
26/03/2014,20.00.00,Yes,Collision with vehicle,RIGHT THROUGH,No,Dark Street lights on,Yes,T intersection,Other injury accident,50 km/hr,145.25117,-38.0431,CASEY,METROPOLITAN SOUTH EAST REGION,6,2,0,0,2,4,1,2,0,4,2,0,0,0,0,0,0,0,0,0,No,0,2,0,2,0,0,Metropolitan Excluding CBD
26/03/2014,19.15.00,Yes,Collision with vehicle,LEFT OFF CARRIAGEWAY INTO OBJECT/PARKED VEHICLE,No,Dusk/Dawn,Yes,Not at intersection,Serious injury accident,60 km/hr,145.0414,-37.84209,BOROONDARA,METROPOLITAN SOUTH EAST REGION,1,1,0,1,0,0,1,0,0,0,1,0,0,0,0,0,0,0,0,0,No,0,2,0,2,0,0,Metropolitan Excluding CBD
26/03/2014,10.15.00,No,Collision with vehicle,LEFT TURN SIDESWIPE,No,Day,No,Not at intersection,Other injury accident,40 km/hr,144.96218,-37.81008,MELBOURNE,METROPOLITAN NORTH WEST REGION,2,1,0,0,1,1,1,1,1,0,1,0,0,0,0,0,0,0,0,0,No,0,2,0,1,0,0,Metropolitan CBD Only
26/03/2014,20.08.00,Yes,Collision with vehicle,RIGHT THROUGH,No,Dusk/Dawn,Yes,T intersection,Serious injury accident,60 km/hr,145.07784,-37.88884,GLEN EIRA,METROPOLITAN SOUTH EAST REGION,4,1,0,1,0,3,1,3,0,1,3,0,0,0,0,0,0,0,0,3,No,0,3,0,3,0,0,Metropolitan Excluding CBD
26/03/2014,19.30.00,Yes,Collision with vehicle,PULLING OUT (OVERTAKING),No,Dark Street lights on,Yes,T intersection,Other injury accident,50 km/hr,144.35261,-38.09854,GEELONG,SOUTH WESTERN REGION,3,1,0,0,1,2,3,0,0,1,2,0,0,0,0,0,0,0,0,2,No,0,2,0,2,0,0,Large Provincial Cities
26/03/2014,23.15.00,Yes,Collision with a fixed object,RIGHT OFF CARRIAGEWAY INTO OBJECT/PARKED VEHICLE,No,Dark Street lights on,Yes,Not at intersection,Serious injury accident,70 km/hr,145.16919,-37.86221,MONASH,METROPOLITAN SOUTH EAST REGION,1,1,0,1,0,0,1,0,0,0,1,0,0,0,0,0,0,0,0,0,No,0,1,0,1,0,0,Metropolitan Excluding CBD
26/03/2014,23.50.00,Yes,Collision with a fixed object,LEFT OFF CARRIAGEWAY INTO OBJECT/PARKED VEHICLE,No,Dark Street lights on,Yes,T intersection,Serious injury accident,50 km/hr,145.18313,-37.77,MANNINGHAM,METROPOLITAN SOUTH EAST REGION,3,1,0,1,0,2,3,0,0,2,1,0,0,0,0,0,0,0,0,1,No,0,1,0,1,0,0,Metropolitan Excluding CBD
26/03/2014,23.00.00,Yes,Collision with a fixed object,LEFT OFF CARRIAGEWAY INTO OBJECT/PARKED VEHICLE,No,Dark Street lights on,Yes,Not at intersection,Other injury accident,60 km/hr,144.94639,-37.68839,HUME,METROPOLITAN NORTH WEST REGION,1,1,0,0,1,0,1,0,0,0,1,0,0,0,0,0,0,0,0,0,No,0,1,0,1,0,0,Metropolitan Excluding CBD
26/03/2014,18.07.00,Yes,Collision with a fixed object,OFF RIGHT BEND INTO OBJECT/PARKED VEHICLE,No,Dusk/Dawn,Yes,Not at intersection,Other injury accident,100 km/hr,148.99239,-37.58559,EAST GIPPSLAND,EASTERN REGION,2,1,0,0,1,1,2,0,0,1,1,0,0,0,0,0,0,0,0,0,No,0,1,0,1,0,0,Country
26/03/2014,18.20.00,Yes,Collision with vehicle,U TURN,Yes,Dusk/Dawn,Yes,Not at intersection,Serious injury accident,50 km/hr,144.97556,-37.82268,MELBOURNE,METROPOLITAN NORTH WEST REGION,2,1,0,1,0,1,1,0,0,0,1,0,0,1,0,0,0,0,0,0,No,0,2,0,1,1,0,Metropolitan Excluding CBD
26/03/2014,13.45.00,No,Struck Pedestrian,ANY MANOEUVRE INVOLVING PED NOT INCLUDED IN DCAs 100-108.,No,Day,Yes,Not at intersection,Other injury accident,40 km/hr,144.97129,-37.80965,MELBOURNE,METROPOLITAN NORTH WEST REGION,2,1,0,0,1,1,1,1,0,0,1,1,0,0,0,0,0,0,0,0,No,0,1,0,1,0,0,Metropolitan CBD Only
26/03/2014,16.00.00,No,Collision with a fixed object,OFF RIGHT BEND INTO OBJECT/PARKED VEHICLE,No,Day,No,Not at intersection,Other injury accident,100 km/hr,147.46652,-36.14875,TOWONG,NORTH EASTERN REGION,1,1,0,0,1,0,0,1,0,0,1,0,0,0,0,0,0,0,0,0,No,0,1,0,1,0,0,Country
26/03/2014,09.05.00,No,Collision with vehicle,RIGHT TURN SIDESWIPE,No,Day,Yes,T intersection,Other injury accident,40 km/hr,144.9568,-37.81254,MELBOURNE,METROPOLITAN NORTH WEST REGION,2,1,0,0,1,1,1,1,0,0,2,0,0,0,0,0,0,0,0,0,No,0,2,0,1,0,1,Metropolitan CBD Only
26/03/2014,21.45.00,Yes,Collision with a fixed object,LEFT OFF CARRIAGEWAY INTO OBJECT/PARKED VEHICLE,No,Dark No street lights,Yes,Not at intersection,Serious injury accident,100 km/hr,145.53162,-36.23889,SHEPPARTON,NORTH EASTERN REGION,4,1,0,1,0,3,4,0,0,3,1,0,0,0,0,0,0,0,0,1,No,0,1,0,1,0,0,Country
26/03/2014,21.50.00,Yes,No collision and no object struck,OFF CARRIAGEWAY ON RIGHT BEND,No,Dark No street lights,Yes,T intersection,Other injury accident,100 km/hr,145.81617,-38.27741,BAW BAW,EASTERN REGION,1,1,0,0,1,0,1,0,0,0,1,0,0,0,0,0,0,0,0,0,No,0,1,1,0,0,0,Country
26/03/2014,08.30.00,No,Collision with vehicle,REAR END(VEHICLES IN SAME LANE),No,Day,No,T intersection,Other injury accident,80 km/hr,145.28414,-37.886,KNOX,METROPOLITAN SOUTH EAST REGION,5,1,0,0,1,4,1,3,0,3,2,0,0,0,0,0,0,0,0,1,No,0,2,0,2,0,0,Metropolitan Excluding CBD
26/03/2014,10.02.00,No,Collision with vehicle,REAR END(VEHICLES IN SAME LANE),No,Day,Yes,Cross intersection,Other injury accident,60 km/hr,145.08983,-37.70317,BANYULE,METROPOLITAN NORTH WEST REGION,6,1,0,0,1,5,4,2,0,2,4,0,0,0,0,0,0,0,1,0,No,0,4,0,4,0,0,Metropolitan Excluding CBD
26/03/2014,18.30.00,Yes,Collision with vehicle,REAR END(VEHICLES IN SAME LANE),No,Dusk/Dawn,No,Not at intersection,Other injury accident,100 km/hr,144.76774,-37.86834,HOBSONS BAY,METROPOLITAN NORTH WEST REGION,2,1,0,0,1,1,0,2,0,0,2,0,0,0,0,0,0,0,0,0,No,0,2,0,2,0,0,Metropolitan Excluding CBD
26/03/2014,05.20.00,Yes,Collision with a fixed object,LEFT OFF CARRIAGEWAY INTO OBJECT/PARKED VEHICLE,No,Dark No street lights,No,Not at intersection,Other injury accident,100 km/hr,145.07759,-37.20666,MITCHELL,NORTHERN REGION,1,1,0,0,1,0,0,1,0,0,1,0,0,0,0,0,0,0,0,0,No,0,1,0,1,0,0,Country
26/03/2014,13.30.00,No,Collision with vehicle,LEAVING PARKING,No,Day,No,Not at intersection,Other injury accident,50 km/hr,142.15845,-34.18676,MILDURA,WESTERN REGION,2,1,0,0,1,1,1,1,0,0,2,0,0,0,0,0,0,0,0,0,No,0,2,0,1,0,0,Small Provincial Cities
26/03/2014,16.30.00,No,Collision with vehicle,CROSS TRAFFIC(INTERSECTIONS ONLY),No,Day,No,Cross intersection,Serious injury accident,50 km/hr,144.5307,-38.26767,GEELONG,SOUTH WESTERN REGION,2,1,0,1,0,1,2,0,0,0,1,0,0,1,0,0,0,0,0,0,No,0,2,0,1,1,0,Small Provincial Cities
26/03/2014,15.00.00,No,Collision with a fixed object,LEFT OFF CARRIAGEWAY INTO OBJECT/PARKED VEHICLE,No,Day,No,Cross intersection,Serious injury accident,Not known,144.964,-37.78243,MELBOURNE,METROPOLITAN NORTH WEST REGION,2,1,0,1,0,1,1,1,1,0,1,0,0,0,0,0,0,0,0,0,No,0,2,0,1,0,0,Metropolitan Excluding CBD
26/03/2014,07.30.00,No,Collision with vehicle,RIGHT REAR.,No,Dusk/Dawn,No,T intersection,Other injury accident,Not known,145.21667,-37.97366,DANDENONG,METROPOLITAN SOUTH EAST REGION,2,1,0,0,1,1,0,2,0,0,2,0,0,0,0,0,0,0,0,1,No,0,2,0,2,0,0,Metropolitan Excluding CBD
26/03/2014,08.15.00,No,Collision with vehicle,RIGHT NEAR (INTERSECTIONS ONLY),No,Day,No,Cross intersection,Other injury accident,60 km/hr,144.82906,-37.77522,BRIMBANK,METROPOLITAN NORTH WEST REGION,4,2,0,0,2,2,3,1,0,2,2,0,0,0,0,0,0,0,0,0,No,0,2,0,1,0,0,Metropolitan Excluding CBD
26/03/2014,16.30.00,No,Collision with vehicle,VEHICLE STRIKES ANOTHER VEH WHILE EMERGING FROM DRIVEWAY,No,Day,Not known,Not at intersection,Other injury accident,50 km/hr,145.3789,-37.78778,YARRA RANGES,METROPOLITAN SOUTH EAST REGION,2,1,0,0,1,1,2,0,0,0,2,0,0,0,0,0,0,0,0,2,No,0,2,0,2,0,0,Metropolitan Excluding CBD
26/03/2014,06.30.00,No,Collision with vehicle,VEHICLE STRIKES ANOTHER VEH WHILE EMERGING FROM DRIVEWAY,No,Dusk/Dawn,No,Not at intersection,Serious injury accident,50 km/hr,145.04027,-37.92727,GLEN EIRA,METROPOLITAN SOUTH EAST REGION,2,1,0,1,0,1,1,0,1,0,0,0,0,0,1,0,0,0,0,0,No,0,2,0,0,0,0,Metropolitan Excluding CBD
26/03/2014,13.30.00,No,Collision with vehicle,LEFT TURN SIDESWIPE,No,Day,Yes,T intersection,Other injury accident,60 km/hr,144.99869,-37.85881,PORT PHILLIP,METROPOLITAN NORTH WEST REGION,2,1,0,0,1,1,1,1,0,0,1,0,0,1,0,0,0,0,0,0,No,0,2,0,1,1,0,Metropolitan Excluding CBD
26/03/2014,06.10.00,No,Collision with vehicle,CROSS TRAFFIC(INTERSECTIONS ONLY),No,Dark No street lights,No,Cross intersection,Other injury accident,50 km/hr,145.12328,-38.05547,KINGSTON,METROPOLITAN SOUTH EAST REGION,2,1,0,0,1,1,0,2,1,0,1,0,0,0,0,0,0,0,0,0,No,0,2,0,1,0,0,Metropolitan Excluding CBD
26/03/2014,18.30.00,Yes,Vehicle overturned (no collision),OFF CARRIAGEWAY TO LEFT,No,Dusk/Dawn,No,Not at intersection,Serious injury accident,100 km/hr,142.24803,-34.45705,MILDURA,WESTERN REGION,4,1,0,1,0,3,0,4,0,3,1,0,0,0,0,0,0,0,0,0,No,0,1,0,1,0,0,Country
26/03/2014,16.50.00,No,Collision with vehicle,LEAVING PARKING,No,Day,No,Not at intersection,Other injury accident,40 km/hr,144.97099,-37.8153,MELBOURNE,METROPOLITAN NORTH WEST REGION,3,1,0,0,1,2,2,1,1,1,1,0,0,0,0,0,0,0,0,0,No,0,2,0,1,0,0,Metropolitan CBD Only
26/03/2014,12.30.00,No,Collision with vehicle,RIGHT REAR.,No,Day,No,Cross intersection,Other injury accident,60 km/hr,144.94241,-37.666,HUME,METROPOLITAN NORTH WEST REGION,2,1,0,0,1,1,0,2,0,0,2,0,0,0,0,0,0,0,0,0,No,0,2,0,2,0,0,Metropolitan Excluding CBD
26/03/2014,19.45.00,Yes,Collision with a fixed object,LEFT OFF CARRIAGEWAY INTO OBJECT/PARKED VEHICLE,No,Dusk/Dawn,Yes,Not at intersection,Serious injury accident,80 km/hr,145.58306,-38.22756,CARDINIA,METROPOLITAN SOUTH EAST REGION,1,1,0,1,0,0,1,0,0,0,1,0,0,0,0,0,0,0,0,0,Yes,0,1,0,1,0,0,Country
26/03/2014,12.30.00,No,Vehicle overturned (no collision),OUT OF CONTROL ON CARRIAGEWAY (ON STRAIGHT),No,Unk.,No,Not at intersection,Serious injury accident,Not known,144.34989,-37.49916,MOORABOOL,WESTERN REGION,1,1,0,1,0,0,1,0,0,0,0,0,0,1,0,0,0,0,0,0,No,0,1,0,0,1,0,Country
26/03/2014,07.00.00,No,Collision with vehicle,TWO RIGHT TURNING (INTERSECTIONS ONLY),No,Dusk/Dawn,No,T intersection,Other injury accident,50 km/hr,145.0913,-37.59293,WHITTLESEA,METROPOLITAN NORTH WEST REGION,3,1,0,0,1,2,2,1,0,1,2,0,0,0,0,0,0,0,0,0,No,0,2,0,2,0,0,Metropolitan Excluding CBD
26/03/2014,09.00.00,No,Collision with vehicle,VEHICLE STRIKES ANOTHER VEH WHILE EMERGING FROM DRIVEWAY,No,Day,No,Not at intersection,Other injury accident,50 km/hr,142.19155,-36.72145,HORSHAM,WESTERN REGION,2,1,0,0,1,1,1,1,0,0,1,0,0,0,1,0,0,0,0,0,No,0,2,0,1,1,0,Small Provincial Cities
27/03/2014,02.55.00,Yes,Collision with a fixed object,LEFT OFF CARRIAGEWAY INTO OBJECT/PARKED VEHICLE,No,Dark Street lights on,Yes,Cross intersection,Serious injury accident,60 km/hr,144.99396,-37.78074,DAREBIN,METROPOLITAN NORTH WEST REGION,1,1,0,1,0,0,0,1,0,0,1,0,0,0,0,0,0,0,0,0,No,0,1,0,1,0,0,Metropolitan Excluding CBD
27/03/2014,01.44.00,Yes,Collision with vehicle,CROSS TRAFFIC(INTERSECTIONS ONLY),No,Dark Street lights on,Yes,Cross intersection,Other injury accident,60 km/hr,145.01177,-37.76758,DAREBIN,METROPOLITAN NORTH WEST REGION,5,2,0,0,2,3,3,2,0,3,2,0,0,0,0,0,0,0,0,0,No,0,2,0,2,0,0,Metropolitan Excluding CBD
27/03/2014,03.31.00,Yes,Collision with a fixed object,LEFT OFF CARRIAGEWAY INTO OBJECT/PARKED VEHICLE,No,Dark Street lights on,Yes,Not at intersection,Serious injury accident,60 km/hr,145.08572,-37.9061,MONASH,METROPOLITAN SOUTH EAST REGION,1,1,0,1,0,0,1,0,0,0,1,0,0,0,0,0,0,0,0,0,No,0,1,0,1,0,0,Metropolitan Excluding CBD
27/03/2014,07.20.00,No,Vehicle overturned (no collision),OUT OF CONTROL ON CARRIAGEWAY (ON STRAIGHT),No,Dusk/Dawn,No,Cross intersection,Other injury accident,60 km/hr,144.28885,-36.74571,BENDIGO,NORTHERN REGION,2,1,0,0,1,1,1,0,0,0,0,0,0,1,1,0,0,0,0,0,No,0,2,0,0,1,0,Large Provincial Cities
27/03/2014,09.05.00,No,Struck Pedestrian,ANY MANOEUVRE INVOLVING PED NOT INCLUDED IN DCAs 100-108.,No,Day,Yes,T intersection,Serious injury accident,50 km/hr,146.8881,-36.1225,WODONGA,NORTH EASTERN REGION,2,1,0,1,0,1,1,1,0,0,1,1,0,0,0,0,0,0,0,0,No,0,1,0,1,0,0,Small Provincial Cities
27/03/2014,08.30.00,No,Collision with a fixed object,OFF LEFT BEND INTO OBJECT/PARKED VEHICLE,No,Day,Yes,Not at intersection,Serious injury accident,80 km/hr,144.51712,-37.68725,MELTON,METROPOLITAN NORTH WEST REGION,1,1,0,1,0,0,0,1,0,0,1,0,0,0,0,0,0,0,0,0,No,0,1,0,1,0,0,Small Provincial Cities
27/03/2014,06.55.00,No,Collision with vehicle,REAR END(VEHICLES IN SAME LANE),No,Dusk/Dawn,Yes,Not at intersection,Other injury accident,80 km/hr,144.81746,-37.82835,HOBSONS BAY,METROPOLITAN NORTH WEST REGION,3,1,0,0,1,2,2,1,0,1,2,0,0,0,0,0,0,0,0,0,No,0,2,0,2,0,0,Metropolitan Excluding CBD
27/03/2014,09.30.00,No,Collision with vehicle,HEAD ON (NOT OVERTAKING),No,Day,Yes,Not at intersection,Other injury accident,80 km/hr,145.29596,-38.0846,CASEY,METROPOLITAN SOUTH EAST REGION,2,1,0,0,1,1,1,1,0,0,2,0,0,0,0,0,0,0,0,0,No,0,2,0,2,0,0,Metropolitan Excluding CBD
27/03/2014,07.00.00,No,Collision with vehicle,REAR END(VEHICLES IN SAME LANE),No,Dusk/Dawn,Yes,Not at intersection,Other injury accident,70 km/hr,144.78941,-37.77091,BRIMBANK,METROPOLITAN NORTH WEST REGION,3,1,0,0,1,2,2,1,0,0,3,0,0,0,0,0,0,0,0,1,No,0,3,0,3,0,0,Metropolitan Excluding CBD
27/03/2014,07.47.00,No,Collision with a fixed object,OFF RIGHT BEND INTO OBJECT/PARKED VEHICLE,No,Dusk/Dawn,Yes,Not at intersection,Other injury accident,80 km/hr,144.81641,-37.82888,HOBSONS BAY,METROPOLITAN NORTH WEST REGION,1,1,0,0,1,0,0,1,0,0,1,0,0,0,0,0,0,0,0,0,No,1,1,0,1,0,0,Metropolitan Excluding CBD
27/03/2014,09.58.00,No,Collision with vehicle,REAR END(VEHICLES IN SAME LANE),No,Day,Yes,Not at intersection,Other injury accident,60 km/hr,145.13105,-37.86486,MONASH,METROPOLITAN SOUTH EAST REGION,3,1,0,0,1,2,1,1,0,0,3,0,0,0,0,0,0,0,1,0,No,0,3,0,3,0,0,Metropolitan Excluding CBD
27/03/2014,08.20.00,No,Struck Pedestrian,PED NEAR SIDE. PED HIT BY VEHICLE FROM THE RIGHT.,No,Day,Yes,Cross intersection,Serious injury accident,60 km/hr,144.94955,-37.73251,MORELAND,METROPOLITAN NORTH WEST REGION,2,1,0,1,0,1,1,1,0,0,1,1,0,0,0,0,0,0,0,1,No,0,1,0,1,0,0,Metropolitan Excluding CBD
27/03/2014,09.20.00,No,Collision with a fixed object,RIGHT OFF CARRIAGEWAY INTO OBJECT/PARKED VEHICLE,No,Day,Yes,Not at intersection,Other injury accident,110 km/hr,142.11647,-35.1073,MILDURA,WESTERN REGION,2,2,0,0,2,0,2,0,0,1,1,0,0,0,0,0,0,0,0,0,No,0,1,0,1,0,0,Country
27/03/2014,10.00.00,No,Collision with a fixed object,OFF RIGHT BEND INTO OBJECT/PARKED VEHICLE,No,Day,Yes,Not at intersection,Other injury accident,80 km/hr,145.21513,-37.81322,MAROONDAH,METROPOLITAN SOUTH EAST REGION,1,1,0,0,1,0,0,1,0,0,1,0,0,0,0,0,0,0,0,0,No,0,1,0,1,0,0,Metropolitan Excluding CBD
27/03/2014,09.03.00,No,Collision with a fixed object,LEFT OFF CARRIAGEWAY INTO OBJECT/PARKED VEHICLE,No,Day,Yes,Cross intersection,Other injury accident,50 km/hr,144.99177,-37.80716,YARRA,METROPOLITAN NORTH WEST REGION,1,1,0,0,1,0,1,0,0,0,1,0,0,0,0,0,0,0,0,1,Yes,0,1,0,1,0,0,Metropolitan Excluding CBD
27/03/2014,12.20.00,No,Collision with vehicle,REAR END(VEHICLES IN SAME LANE),No,Day,Yes,T intersection,Other injury accident,60 km/hr,144.46684,-38.17711,GEELONG,SOUTH WESTERN REGION,2,1,0,0,1,1,0,2,0,0,2,0,0,0,0,0,0,0,1,0,No,0,2,0,2,0,0,Other Towns
27/03/2014,08.45.00,No,Collision with a fixed object,OFF RIGHT BEND INTO OBJECT/PARKED VEHICLE,No,Day,Yes,Not at intersection,Serious injury accident,100 km/hr,146.11913,-38.59738,SOUTH GIPPSLAND,EASTERN REGION,1,1,0,1,0,0,0,1,0,0,1,0,0,0,0,0,0,0,0,1,No,0,1,0,1,0,0,Country
27/03/2014,13.56.00,No,Collision with vehicle,LEFT OFF CARRIAGEWAY INTO OBJECT/PARKED VEHICLE,No,Day,Yes,Not at intersection,Other injury accident,40 km/hr,145.02898,-37.85848,STONNINGTON,METROPOLITAN SOUTH EAST REGION,1,1,0,0,1,0,0,1,0,0,1,0,0,0,0,0,0,0,0,0,No,0,4,0,4,0,0,Metropolitan Excluding CBD
27/03/2014,16.15.00,No,Collision with vehicle,LEFT REAR,No,Day,Yes,Not at intersection,Other injury accident,60 km/hr,145.10697,-37.70334,BANYULE,METROPOLITAN NORTH WEST REGION,6,1,0,0,1,5,4,2,0,1,2,3,0,0,0,0,3,0,0,0,No,0,2,1,1,0,0,Metropolitan Excluding CBD
27/03/2014,17.04.00,No,Collision with vehicle,RIGHT THROUGH,No,Dusk/Dawn,Yes,Not at intersection,Other injury accident,60 km/hr,145.0633,-37.8009,BOROONDARA,METROPOLITAN SOUTH EAST REGION,2,1,0,0,1,1,0,2,0,0,2,0,0,0,0,0,0,0,0,0,No,0,2,0,2,0,0,Metropolitan Excluding CBD
27/03/2014,16.46.00,No,Struck Pedestrian,VEH STRIKES PED ON FOOTPATH/MEDIAN/TRAFFIC ISLAND.,Yes,Day,Yes,Not at intersection,Other injury accident,Camping grounds or off road,144.99077,-37.77059,DAREBIN,METROPOLITAN NORTH WEST REGION,2,1,0,0,1,1,2,0,1,0,0,1,0,0,0,0,0,0,0,0,No,0,1,0,0,0,0,Metropolitan Excluding CBD
27/03/2014,16.25.00,No,Vehicle overturned (no collision),OFF CARRIAGEWAY ON LEFT BEND,No,Day,Yes,Not at intersection,Other injury accident,100 km/hr,146.16226,-37.2182,MANSFIELD,NORTH EASTERN REGION,1,1,0,0,1,0,0,1,0,0,1,0,0,0,0,0,0,0,0,0,No,0,1,0,1,0,0,Country
27/03/2014,16.00.00,No,Collision with a fixed object,RIGHT OFF CARRIAGEWAY INTO OBJECT/PARKED VEHICLE,No,Day,Yes,Not at intersection,Serious injury accident,100 km/hr,143.30265,-36.9783,PYRENEES,WESTERN REGION,1,1,0,1,0,0,1,0,0,0,1,0,0,0,0,0,0,0,0,1,No,0,1,0,1,0,0,Country
27/03/2014,17.00.00,No,Collision with vehicle,REAR END(VEHICLES IN SAME LANE),No,Dusk/Dawn,Yes,T intersection,Other injury accident,70 km/hr,144.3063,-38.20229,GEELONG,SOUTH WESTERN REGION,2,1,0,0,1,1,2,0,0,0,2,0,0,0,0,0,0,0,0,1,No,0,2,0,2,0,0,Large Provincial Cities
27/03/2014,19.50.00,Yes,Collision with vehicle,RIGHT THROUGH,No,Dusk/Dawn,Yes,Cross intersection,Other injury accident,70 km/hr,145.02227,-37.6961,DAREBIN,METROPOLITAN NORTH WEST REGION,4,1,0,0,1,3,2,2,0,2,2,0,0,0,0,0,0,0,0,0,No,0,2,0,2,0,0,Metropolitan Excluding CBD
27/03/2014,18.35.00,Yes,Collision with vehicle,U TURN,No,Dusk/Dawn,Yes,Not at intersection,Serious injury accident,50 km/hr,144.91966,-37.76681,MOONEE VALLEY,METROPOLITAN NORTH WEST REGION,4,1,0,1,0,3,2,2,0,2,1,0,0,1,0,0,0,0,0,0,No,0,2,0,1,1,0,Metropolitan Excluding CBD
27/03/2014,19.00.00,Yes,Collision with a fixed object,RIGHT OFF CARRIAGEWAY INTO OBJECT/PARKED VEHICLE,No,Dusk/Dawn,Yes,Not at intersection,Other injury accident,50 km/hr,144.78247,-37.74494,BRIMBANK,METROPOLITAN NORTH WEST REGION,1,1,0,0,1,0,0,1,0,0,1,0,0,0,0,0,0,0,0,0,No,0,1,0,1,0,0,Metropolitan Excluding CBD
27/03/2014,22.54.00,Yes,Collision with vehicle,VEHICLE STRIKES DOOR OF PARKED/STATIONARY VEHICLE,No,Dark Street lights on,Yes,Not at intersection,Other injury accident,40 km/hr,144.97727,-37.8054,YARRA,METROPOLITAN NORTH WEST REGION,3,1,0,0,1,2,2,1,1,0,2,0,0,0,0,0,0,0,0,0,No,1,3,0,2,0,0,Metropolitan Excluding CBD
27/03/2014,23.30.00,Yes,Collision with vehicle,RIGHT THROUGH,No,Dark Street lights on,Yes,Cross intersection,Other injury accident,70 km/hr,145.06731,-37.68701,WHITTLESEA,METROPOLITAN NORTH WEST REGION,3,2,0,0,2,1,2,1,0,1,2,0,0,0,0,0,0,0,0,0,No,0,2,0,2,0,0,Metropolitan Excluding CBD
27/03/2014,06.10.00,No,Collision with a fixed object,LEFT OFF CARRIAGEWAY INTO OBJECT/PARKED VEHICLE,No,Dusk/Dawn,Yes,T intersection,Other injury accident,50 km/hr,143.73369,-37.04675,CENTRAL GOLDFIELDS,WESTERN REGION,1,1,0,0,1,0,1,0,0,0,1,0,0,0,0,0,0,0,0,0,No,0,1,0,1,0,0,Other Towns