ACCIDENT_DATE,ACCIDENT_TIME,ALCOHOLTIME,ACCIDENT_TYPE,DCA_CODE,HIT_RUN_FLAG,LIGHT_CONDITION,POLICE_ATTEND,ROAD_GEOMETRY,SEVERITY,SPEED_ZONE,LONGITUDE,LATITUDE,LGA_NAME,REGION_NAME,TOTAL_PERSONS,INJ_OR_FATAL,FATALITY,SERIOUSINJURY,OTHERINJURY,NONINJURED,MALES,FEMALES,BICYCLIST,PASSENGER,DRIVER,PEDESTRIAN,PILLION,MOTORIST,UNKNOWN,PED_CYCLIST_5_12,PED_CYCLIST_13_18,OLD_PEDESTRIAN,OLD_DRIVER,YOUNG_DRIVER,ALCOHOL_RELATED,UNLICENCSED,NO_OF_VEHICLES,HEAVYVEHICLE,PASSENGERVEHICLE,MOTORCYCLE,PUBLICVEHICLE,DEG_URBAN_NAME
20/06/2014,14.45.00,No,Collision with vehicle,LANE CHANGE RIGHT (NOT OVERTAKING),No,Day,Yes,Multiple intersection,Serious injury accident,80 km/hr,145.1325,-38.02647,KINGSTON,METROPOLITAN SOUTH EAST REGION,3,1,0,1,0,2,1,2,0,1,1,0,0,1,0,0,0,0,0,0,No,0,2,0,1,1,0,Metropolitan Excluding CBD
20/06/2014,14.28.00,No,Collision with vehicle,CROSS TRAFFIC(INTERSECTIONS ONLY),No,Day,Yes,Cross intersection,Other injury accident,50 km/hr,143.85779,-37.56179,BALLARAT,WESTERN REGION,2,1,0,0,1,1,1,1,0,0,2,0,0,0,0,0,0,0,1,1,No,0,2,0,2,0,0,Large Provincial Cities
20/06/2014,10.12.00,No,Collision with a fixed object,RIGHT OFF CARRIAGEWAY INTO OBJECT/PARKED VEHICLE,No,Day,Yes,Multiple intersection,Serious injury accident,60 km/hr,144.93887,-37.79543,MELBOURNE,METROPOLITAN NORTH WEST REGION,3,1,0,1,0,2,0,3,0,2,1,0,0,0,0,0,0,0,1,0,No,0,1,0,1,0,0,Metropolitan Excluding CBD
20/06/2014,15.50.00,No,Collision with vehicle,RIGHT THROUGH,No,Day,Yes,T intersection,Other injury accident,100 km/hr,143.56709,-35.38543,SWAN HILL,NORTHERN REGION,4,1,0,0,1,3,2,2,0,1,3,0,0,0,0,0,0,0,0,2,No,0,3,0,3,0,0,Country
20/06/2014,17.45.00,Yes,Struck Pedestrian,FAR SIDE. PED HIT BY VEHICLE FROM THE LEFT,No,Dark Street lights on,Yes,T intersection,Serious injury accident,60 km/hr,144.97088,-37.82495,MELBOURNE,METROPOLITAN NORTH WEST REGION,2,1,0,1,0,1,2,0,0,0,1,1,0,0,0,0,0,0,0,0,No,0,1,0,1,0,0,Metropolitan Excluding CBD
20/06/2014,17.00.00,Yes,Collision with vehicle,REAR END(VEHICLES IN SAME LANE),No,Dusk/Dawn,Yes,Not at intersection,Other injury accident,70 km/hr,144.34695,-38.18208,GEELONG,SOUTH WESTERN REGION,3,1,0,0,1,2,2,1,0,1,2,0,0,0,0,0,0,0,0,0,No,0,2,0,2,0,0,Large Provincial Cities
20/06/2014,17.25.00,Yes,Collision with a fixed object,RIGHT OFF CARRIAGEWAY INTO OBJECT/PARKED VEHICLE,No,Dusk/Dawn,Yes,Not at intersection,Other injury accident,60 km/hr,145.02171,-37.63774,WHITTLESEA,METROPOLITAN NORTH WEST REGION,2,1,0,0,1,1,1,0,0,0,1,0,0,1,0,0,0,0,0,1,No,0,2,0,1,1,0,Metropolitan Excluding CBD
20/06/2014,16.20.00,Yes,No collision and no object struck,OUT OF CONTROL ON CARRIAGEWAY (ON STRAIGHT),Yes,Dusk/Dawn,Yes,Not at intersection,Other injury accident,40 km/hr,144.96167,-37.81712,MELBOURNE,METROPOLITAN NORTH WEST REGION,2,1,0,0,1,1,1,0,0,0,1,0,0,1,0,0,0,0,0,0,No,0,2,0,1,1,0,Metropolitan CBD Only
20/06/2014,16.55.00,Yes,Vehicle overturned (no collision),OUT OF CONTROL ON CARRIAGEWAY (ON STRAIGHT),No,Dusk/Dawn,Yes,Not at intersection,Other injury accident,50 km/hr,144.96229,-37.64327,HUME,METROPOLITAN NORTH WEST REGION,1,1,0,0,1,0,0,1,0,0,0,0,0,1,0,0,0,0,0,0,No,0,1,0,0,1,0,Metropolitan Excluding CBD
20/06/2014,19.00.00,Yes,Collision with vehicle,LEFT FAR (INTERSECTIONS ONLY),No,Dark Street lights on,Yes,T intersection,Other injury accident,50 km/hr,145.17131,-38.10592,FRANKSTON,METROPOLITAN SOUTH EAST REGION,4,1,0,0,1,3,3,1,0,2,2,0,0,0,0,0,0,0,0,2,No,0,2,0,2,0,0,Metropolitan Excluding CBD
20/06/2014,17.30.00,Yes,Collision with vehicle,HEAD ON (NOT OVERTAKING),No,Dusk/Dawn,Yes,Not at intersection,Other injury accident,60 km/hr,146.39436,-36.01168,INDIGO,NORTH EASTERN REGION,3,2,0,0,2,1,2,1,0,1,2,0,0,0,0,0,0,0,0,0,No,0,2,0,2,0,0,Other Towns
20/06/2014,18.30.00,Yes,Collision with vehicle,RIGHT THROUGH,No,Dusk/Dawn,Yes,Cross intersection,Other injury accident,60 km/hr,145.20878,-37.99876,DANDENONG,METROPOLITAN SOUTH EAST REGION,5,1,0,0,1,4,1,3,0,3,2,0,0,0,0,0,0,0,0,1,No,0,2,0,2,0,0,Metropolitan Excluding CBD
20/06/2014,18.15.00,Yes,Collision with vehicle,RIGHT NEAR (INTERSECTIONS ONLY),No,Dark Street lights on,Yes,T intersection,Serious injury accident,70 km/hr,145.26875,-37.82527,MAROONDAH,METROPOLITAN SOUTH EAST REGION,3,1,0,1,0,2,3,0,0,1,2,0,0,0,0,0,0,0,0,1,No,0,2,0,2,0,0,Metropolitan Excluding CBD
20/06/2014,11.50.00,No,Collision with vehicle,RIGHT NEAR (INTERSECTIONS ONLY),No,Day,Yes,T intersection,Other injury accident,60 km/hr,145.34405,-37.91296,YARRA RANGES,METROPOLITAN SOUTH EAST REGION,3,3,0,0,3,0,0,3,0,1,2,0,0,0,0,0,0,0,0,0,No,0,2,0,2,0,0,Metropolitan Excluding CBD
20/06/2014,12.15.00,No,Collision with vehicle,LANE CHANGE RIGHT (NOT OVERTAKING),No,Day,Yes,Not at intersection,Other injury accident,70 km/hr,145.27385,-37.80174,MAROONDAH,METROPOLITAN SOUTH EAST REGION,5,2,0,0,2,3,2,3,0,3,2,0,0,0,0,0,0,0,0,0,No,0,2,0,2,0,0,Metropolitan Excluding CBD
20/06/2014,09.10.00,No,Collision with vehicle,VEHICLE STRIKES ANOTHER VEH WHILE EMERGING FROM DRIVEWAY,No,Day,No,Not at intersection,Other injury accident,60 km/hr,145.00732,-37.86736,GLEN EIRA,METROPOLITAN NORTH WEST REGION,4,2,0,0,2,2,2,2,0,1,3,0,0,0,0,0,0,0,0,0,No,0,3,0,3,0,0,Metropolitan Excluding CBD
20/06/2014,11.55.00,No,Collision with vehicle,RIGHT REAR.,No,Day,No,T intersection,Other injury accident,Not known,143.38598,-37.43009,PYRENEES,WESTERN REGION,2,1,0,0,1,1,1,1,0,0,2,0,0,0,0,0,0,0,0,0,No,0,2,0,2,0,0,Small Towns
20/06/2014,16.40.00,Yes,Collision with vehicle,REAR END(VEHICLES IN SAME LANE),No,Dusk/Dawn,No,Not at intersection,Other injury accident,Not known,145.23384,-37.81333,MAROONDAH,METROPOLITAN SOUTH EAST REGION,3,1,0,0,1,2,2,1,0,0,3,0,0,0,0,0,0,0,0,1,No,0,3,0,3,0,0,Metropolitan Excluding CBD
20/06/2014,11.20.00,No,Collision with vehicle,PULLING OUT (OVERTAKING),No,Day,Yes,T intersection,Other injury accident,100 km/hr,144.53494,-37.47637,MACEDON RANGES,NORTHERN REGION,4,3,0,0,3,1,3,1,0,2,2,0,0,0,0,0,0,0,1,0,No,0,2,0,2,0,0,Country
20/06/2014,13.30.00,No,collision with some other object,STRUCK OBJECT ON CARRIAGEWAY,No,Day,No,Not at intersection,Other injury accident,100 km/hr,146.56795,-36.1924,INDIGO,NORTH EASTERN REGION,1,1,0,0,1,0,0,0,0,0,0,0,0,1,0,0,0,0,0,0,No,0,1,0,0,1,0,Country
20/06/2014,23.30.00,Yes,Collision with a fixed object,OFF LEFT BEND INTO OBJECT/PARKED VEHICLE,No,Dark Street lights on,Yes,T intersection,Other injury accident,60 km/hr,145.35632,-37.92094,YARRA RANGES,METROPOLITAN SOUTH EAST REGION,4,1,0,0,1,3,3,1,0,3,1,0,0,0,0,0,0,0,0,1,No,0,1,0,1,0,0,Metropolitan Excluding CBD
20/06/2014,22.40.00,Yes,Collision with a fixed object,RIGHT OFF CARRIAGEWAY INTO OBJECT/PARKED VEHICLE,No,Dark No street lights,Yes,Not at intersection,Serious injury accident,100 km/hr,145.72221,-36.06989,MOIRA,NORTH EASTERN REGION,1,1,0,1,0,0,1,0,0,0,1,0,0,0,0,0,0,0,0,0,No,1,1,0,1,0,0,Country
21/06/2014,00.55.00,Yes,Collision with a fixed object,U TURN INTO FIXED OBJECT/PARKED VEHICLE,No,Dark Street lights on,Yes,T intersection,Other injury accident,80 km/hr,145.22819,-38.00646,DANDENONG,METROPOLITAN SOUTH EAST REGION,2,2,0,0,2,0,1,1,0,1,1,0,0,0,0,0,0,0,0,1,Yes,0,1,0,1,0,0,Metropolitan Excluding CBD
21/06/2014,00.30.00,Yes,Struck Pedestrian,PED NEAR SIDE. PED HIT BY VEHICLE FROM THE RIGHT.,Yes,Dark Street lights on,Yes,T intersection,Serious injury accident,60 km/hr,144.93605,-37.78875,MELBOURNE,METROPOLITAN NORTH WEST REGION,2,1,0,1,0,1,2,0,0,0,1,1,0,0,0,0,0,0,0,0,No,0,1,0,1,0,0,Metropolitan Excluding CBD
21/06/2014,06.20.00,No,Collision with vehicle,REAR END(VEHICLES IN SAME LANE),Yes,Dusk/Dawn,Yes,Not at intersection,Other injury accident,60 km/hr,144.96846,-37.83367,PORT PHILLIP,METROPOLITAN NORTH WEST REGION,2,2,0,0,2,0,1,1,0,0,2,0,0,0,0,0,0,0,0,1,Yes,0,2,0,2,0,0,Metropolitan Excluding CBD
21/06/2014,08.15.00,No,Collision with vehicle,CROSS TRAFFIC(INTERSECTIONS ONLY),No,Dusk/Dawn,Yes,Cross intersection,Other injury accident,60 km/hr,145.00717,-37.87805,GLEN EIRA,METROPOLITAN SOUTH EAST REGION,4,1,0,0,1,3,2,2,0,1,3,0,0,0,0,0,0,0,0,1,No,0,3,0,3,0,0,Metropolitan Excluding CBD
21/06/2014,10.05.00,No,Collision with vehicle,TWO RIGHT TURNING (INTERSECTIONS ONLY),No,Day,Yes,T intersection,Other injury accident,80 km/hr,145.36114,-37.96118,YARRA RANGES,METROPOLITAN SOUTH EAST REGION,4,1,0,0,1,3,1,3,0,2,2,0,0,0,0,0,0,0,0,0,No,0,2,0,2,0,0,Country
21/06/2014,10.55.00,No,Collision with vehicle,RIGHT THROUGH,No,Day,Yes,T intersection,Serious injury accident,70 km/hr,144.87774,-37.70807,BRIMBANK,METROPOLITAN NORTH WEST REGION,4,3,0,1,2,1,1,3,0,2,2,0,0,0,0,0,0,0,1,1,No,0,2,0,2,0,0,Metropolitan Excluding CBD
21/06/2014,08.00.00,Yes,No collision and no object struck,OUT OF CONTROL ON CARRIAGEWAY (ON STRAIGHT),No,Dusk/Dawn,Yes,Cross intersection,Other injury accident,60 km/hr,144.998,-37.87692,GLEN EIRA,METROPOLITAN SOUTH EAST REGION,2,2,0,0,2,0,2,0,1,0,1,0,0,0,0,0,0,0,0,0,No,0,2,0,0,0,0,Metropolitan Excluding CBD
21/06/2014,11.55.00,No,No collision and no object struck,OUT OF CONTROL ON CARRIAGEWAY (ON STRAIGHT),No,Day,Yes,Multiple intersection,Other injury accident,60 km/hr,144.92646,-37.7581,MOONEE VALLEY,METROPOLITAN NORTH WEST REGION,4,1,0,0,1,3,2,2,0,2,1,0,0,1,0,0,0,0,0,0,No,0,2,0,1,1,0,Metropolitan Excluding CBD
21/06/2014,11.45.00,No,Collision with a fixed object,LEFT OFF CARRIAGEWAY INTO OBJECT/PARKED VEHICLE,No,Day,Yes,T intersection,Other injury accident,60 km/hr,144.88137,-37.82379,MARIBYRNONG,METROPOLITAN NORTH WEST REGION,1,1,0,0,1,0,0,1,0,0,1,0,0,0,0,0,0,0,0,0,No,0,1,0,1,0,0,Metropolitan Excluding CBD
21/06/2014,10.14.00,No,Collision with vehicle,U TURN,No,Day,Yes,Not at intersection,Serious injury accident,100 km/hr,145.4938,-36.23882,SHEPPARTON,NORTH EASTERN REGION,3,2,0,2,0,1,3,0,0,0,3,0,0,0,0,0,0,0,1,0,No,0,3,0,3,0,0,Country
21/06/2014,11.20.00,No,Collision with vehicle,RIGHT NEAR (INTERSECTIONS ONLY),No,Day,Yes,T intersection,Serious injury accident,80 km/hr,145.00615,-38.34653,MORNINGTON PENINSULA,METROPOLITAN SOUTH EAST REGION,2,1,0,1,0,1,1,1,1,0,1,0,0,0,0,0,0,0,0,0,No,0,2,0,1,0,0,Country
21/06/2014,12.25.00,No,Collision with a fixed object,OUT OF CONTROL (OVERTAKING),No,Day,Yes,Not at intersection,Serious injury accident,80 km/hr,145.08355,-38.22813,MORNINGTON PENINSULA,METROPOLITAN SOUTH EAST REGION,1,1,0,1,0,0,1,0,0,0,1,0,0,0,0,0,0,0,0,0,No,1,1,0,1,0,0,Metropolitan Excluding CBD
21/06/2014,13.26.00,No,Collision with vehicle,REAR END(VEHICLES IN SAME LANE),No,Day,Yes,Not at intersection,Other injury accident,80 km/hr,144.93295,-37.81777,MELBOURNE,METROPOLITAN NORTH WEST REGION,5,1,0,0,1,4,2,3,0,2,3,0,0,0,0,0,0,0,0,0,No,0,3,0,3,0,0,Metropolitan Excluding CBD
21/06/2014,13.00.00,No,Collision with vehicle,REAR END(VEHICLES IN SAME LANE),No,Day,Yes,Not at intersection,Serious injury accident,60 km/hr,144.94511,-37.75743,MORELAND,METROPOLITAN NORTH WEST REGION,3,1,0,1,0,2,3,0,0,0,3,0,0,0,0,0,0,0,0,0,No,0,3,0,3,0,0,Metropolitan Excluding CBD
21/06/2014,09.55.00,No,Collision with vehicle,REAR END(VEHICLES IN SAME LANE),No,Day,Yes,Not at intersection,Serious injury accident,80 km/hr,145.3353,-38.07473,CASEY,METROPOLITAN SOUTH EAST REGION,6,3,0,1,2,3,2,4,0,2,4,0,0,0,0,0,0,0,0,1,No,0,4,0,4,0,0,Metropolitan Excluding CBD
21/06/2014,14.15.00,No,Collision with vehicle,REAR END(VEHICLES IN SAME LANE),No,Day,Yes,Not at intersection,Other injury accident,60 km/hr,142.22932,-38.38112,MOYNE,SOUTH WESTERN REGION,5,2,0,0,2,3,1,4,0,3,2,0,0,0,0,0,0,0,0,0,No,0,2,0,2,0,0,Other Towns
21/06/2014,13.50.00,No,Collision with a fixed object,OFF RIGHT BEND INTO OBJECT/PARKED VEHICLE,No,Day,Yes,Not at intersection,Other injury accident,80 km/hr,143.71089,-38.65088,COLAC OTWAY,SOUTH WESTERN REGION,1,1,0,0,1,0,1,0,0,0,1,0,0,0,0,0,0,0,0,0,No,0,1,0,1,0,0,Country
21/06/2014,15.30.00,Yes,Vehicle overturned (no collision),OUT OF CONTROL ON CARRIAGEWAY (ON STRAIGHT),No,Day,Yes,Not at intersection,Other injury accident,100 km/hr,144.22338,-38.30049,SURF COAST,SOUTH WESTERN REGION,3,3,0,0,3,0,2,1,0,2,1,0,0,0,0,0,0,0,0,1,No,0,1,0,1,0,0,Country
21/06/2014,15.45.00,Yes,Vehicle overturned (no collision),OUT OF CONTROL ON CARRIAGEWAY (ON STRAIGHT),No,Day,Yes,Not at intersection,Other injury accident,Not known,143.84187,-36.73917,LODDON,NORTHERN REGION,1,1,0,0,1,0,1,0,0,0,0,0,0,1,0,0,0,0,0,0,No,0,1,0,0,1,0,Country
21/06/2014,14.18.00,Yes,Struck Pedestrian,ANY MANOEUVRE INVOLVING PED NOT INCLUDED IN DCAs 100-108.,No,Day,Yes,Not at intersection,Other injury accident,60 km/hr,143.84416,-37.5763,BALLARAT,WESTERN REGION,2,1,0,0,1,1,0,2,0,0,1,1,0,0,0,0,0,1,0,0,No,0,1,0,1,0,0,Large Provincial Cities
21/06/2014,13.45.00,No,Collision with vehicle,REAR END(VEHICLES IN SAME LANE),No,Day,Yes,Not at intersection,Other injury accident,50 km/hr,144.99597,-37.83777,STONNINGTON,METROPOLITAN SOUTH EAST REGION,6,2,0,0,2,4,3,3,0,2,4,0,0,0,0,0,0,0,0,0,No,0,4,0,4,0,0,Metropolitan Excluding CBD
21/06/2014,15.52.00,Yes,Collision with a fixed object,LEFT OFF CARRIAGEWAY INTO OBJECT/PARKED VEHICLE,No,Day,Yes,Not at intersection,Serious injury accident,50 km/hr,145.11889,-37.82705,WHITEHORSE,METROPOLITAN SOUTH EAST REGION,1,1,0,1,0,0,0,1,0,0,1,0,0,0,0,0,0,0,1,0,No,0,1,0,1,0,0,Metropolitan Excluding CBD
21/06/2014,18.16.00,Yes,Collision with a fixed object,OFF LEFT BEND INTO OBJECT/PARKED VEHICLE,No,Dark No street lights,Yes,Not at intersection,Serious injury accident,110 km/hr,145.04835,-37.31584,MITCHELL,NORTHERN REGION,1,1,0,1,0,0,0,1,0,0,1,0,0,0,0,0,0,0,0,1,No,0,1,0,1,0,0,Country
21/06/2014,19.40.00,Yes,Collision with vehicle,REAR END(VEHICLES IN SAME LANE),No,Dark Street lights on,Yes,Not at intersection,Other injury accident,80 km/hr,144.90218,-37.83195,MELBOURNE,METROPOLITAN NORTH WEST REGION,6,1,0,0,1,5,4,2,0,3,3,0,0,0,0,0,0,0,0,1,No,0,3,0,3,0,0,Metropolitan Excluding CBD
21/06/2014,18.10.00,Yes,Collision with vehicle,REAR END(VEHICLES IN SAME LANE),No,Dusk/Dawn,Yes,Not at intersection,Other injury accident,80 km/hr,144.93641,-37.82579,MELBOURNE,METROPOLITAN NORTH WEST REGION,11,4,0,0,4,7,6,3,0,6,5,0,0,0,0,0,0,0,0,0,No,0,5,0,4,0,1,Metropolitan Excluding CBD
21/06/2014,20.00.00,Yes,Collision with vehicle,REAR END(VEHICLES IN SAME LANE),No,Dark Street lights on,No,Not at intersection,Other injury accident,40 km/hr,144.9801,-37.86895,PORT PHILLIP,METROPOLITAN NORTH WEST REGION,2,1,0,0,1,1,1,1,0,0,1,0,0,1,0,0,0,0,0,1,No,0,2,0,1,1,0,Metropolitan Excluding CBD
21/06/2014,02.00.00,Yes,Collision with vehicle,REAR END(VEHICLES IN SAME LANE),Yes,Dark Street lights on,Yes,Cross intersection,Other injury accident,80 km/hr,145.17264,-37.94753,DANDENONG,METROPOLITAN SOUTH EAST REGION,2,1,0,0,1,1,2,0,0,0,2,0,0,0,0,0,0,0,0,2,No,0,2,0,2,0,0,Metropolitan Excluding CBD
21/06/2014,21.47.00,Yes,Collision with vehicle,VEHICLE COLLIDES WITH VEHICLE PARKED ON LEFT OF ROAD,No,Dark Street lights on,Yes,Not at intersection,Other injury accident,60 km/hr,145.09814,-37.79837,BOROONDARA,METROPOLITAN SOUTH EAST REGION,2,1,0,0,1,1,1,1,0,0,2,0,0,0,0,0,0,0,0,1,No,0,2,0,2,0,0,Metropolitan Excluding CBD
21/06/2014,10.50.00,No,No collision and no object struck,OUT OF CONTROL ON CARRIAGEWAY (ON STRAIGHT),No,Day,Yes,T intersection,Serious injury accident,80 km/hr,145.22553,-38.00053,DANDENONG,METROPOLITAN SOUTH EAST REGION,1,1,0,1,0,0,1,0,0,0,0,0,0,1,0,0,0,0,0,0,No,0,1,0,0,1,0,Metropolitan Excluding CBD
21/06/2014,18.45.00,Yes,Collision with vehicle,U TURN,No,Dusk/Dawn,No,Not at intersection,Other injury accident,60 km/hr,144.98101,-37.86826,PORT PHILLIP,METROPOLITAN NORTH WEST REGION,2,1,0,0,1,1,2,0,0,0,1,0,0,1,0,0,0,0,0,0,No,0,2,0,1,1,0,Metropolitan Excluding CBD
21/06/2014,18.45.00,Yes,Struck Pedestrian,PED PLAYING/LYING/WORKING/STANDING ON CARRIAGEWAY.,No,Dark Street lights unknown,No,Not at intersection,Other injury accident,50 km/hr,145.04995,-37.82253,BOROONDARA,METROPOLITAN SOUTH EAST REGION,2,1,0,0,1,1,0,2,0,0,1,1,0,0,0,0,0,1,0,0,No,1,2,0,2,0,0,Metropolitan Excluding CBD
21/06/2014,20.12.00,Yes,Collision with vehicle,RIGHT THROUGH,No,Dark Street lights on,Yes,T intersection,Serious injury accident,70 km/hr,145.32553,-38.10326,CASEY,METROPOLITAN SOUTH EAST REGION,3,3,0,1,2,0,1,2,0,1,2,0,0,0,0,0,0,0,1,1,No,0,2,0,2,0,0,Metropolitan Excluding CBD
21/06/2014,23.40.00,Yes,Struck Pedestrian,FAR SIDE. PED HIT BY VEHICLE FROM THE LEFT,No,Dark Street lights on,Yes,Not at intersection,Other injury accident,40 km/hr,144.96139,-37.8206,MELBOURNE,METROPOLITAN NORTH WEST REGION,4,1,0,0,1,3,3,1,0,2,1,1,0,0,0,0,0,0,0,0,No,0,1,0,1,0,0,Metropolitan Excluding CBD
21/06/2014,12.30.00,No,No collision and no object struck,OUT OF CONTROL ON CARRIAGEWAY (ON BEND),No,Day,No,Not at intersection,Serious injury accident,Not known,146.53533,-36.22911,INDIGO,NORTH EASTERN REGION,1,1,0,1,0,0,1,0,0,0,0,0,0,1,0,0,0,0,0,0,No,0,1,0,0,1,0,Country
21/06/2014,13.00.00,No,Collision with vehicle,RIGHT NEAR (INTERSECTIONS ONLY),No,Day,No,T intersection,Other injury accident,Not known,145.06784,-37.79288,BOROONDARA,METROPOLITAN SOUTH EAST REGION,2,1,0,0,1,1,1,1,0,0,1,0,0,1,0,0,0,0,0,0,No,0,2,0,1,1,0,Metropolitan Excluding CBD
21/06/2014,17.49.00,Yes,No collision and no object struck,OUT OF CONTROL ON CARRIAGEWAY (ON STRAIGHT),No,Dusk/Dawn,Yes,Cross intersection,Other injury accident,40 km/hr,144.95979,-37.813,MELBOURNE,METROPOLITAN NORTH WEST REGION,1,1,0,0,1,0,1,0,0,0,0,0,0,1,0,0,0,0,0,0,No,0,1,0,0,1,0,Metropolitan CBD Only
21/06/2014,14.00.00,Yes,Collision with vehicle,VEHICLE STRIKES DOOR OF PARKED/STATIONARY VEHICLE,No,Day,No,T intersection,Other injury accident,60 km/hr,145.09403,-37.85024,BOROONDARA,METROPOLITAN SOUTH EAST REGION,2,1,0,0,1,1,1,1,0,0,2,0,0,0,0,0,0,0,0,0,No,0,2,0,2,0,0,Metropolitan Excluding CBD
21/06/2014,17.00.00,Yes,Collision with vehicle,REAR END(VEHICLES IN SAME LANE),No,Dusk/Dawn,No,Not at intersection,Other injury accident,60 km/hr,145.51565,-37.65419,YARRA RANGES,METROPOLITAN SOUTH EAST REGION,3,2,0,0,2,1,1,2,0,1,2,0,0,0,0,0,0,0,0,1,No,0,2,0,2,0,0,Other Towns
21/06/2014,11.55.00,No,Vehicle overturned (no collision),OUT OF CONTROL ON CARRIAGEWAY (ON STRAIGHT),No,Day,No,Not at intersection,Other injury accident,100 km/hr,147.99663,-37.82401,EAST GIPPSLAND,EASTERN REGION,1,1,0,0,1,0,1,0,0,0,0,0,0,1,0,0,0,0,0,0,No,0,1,0,0,1,0,Country
21/06/2014,12.45.00,No,Collision with vehicle,REAR END(VEHICLES IN SAME LANE),No,Day,No,Not at intersection,Other injury accident,Not known,145.16288,-38.15432,FRANKSTON,METROPOLITAN SOUTH EAST REGION,3,1,0,0,1,2,1,0,0,0,2,0,0,0,1,0,0,0,0,0,No,0,3,0,2,0,0,Metropolitan Excluding CBD
21/06/2014,13.30.00,No,Collision with vehicle,RIGHT REAR.,No,Day,No,Cross intersection,Other injury accident,60 km/hr,144.89074,-37.72571,MOONEE VALLEY,METROPOLITAN NORTH WEST REGION,2,1,0,0,1,1,1,1,0,0,2,0,0,0,0,0,0,0,0,1,No,0,2,0,2,0,0,Metropolitan Excluding CBD
21/06/2014,14.30.00,Yes,Collision with vehicle,RIGHT NEAR (INTERSECTIONS ONLY),No,Day,No,T intersection,Other injury accident,50 km/hr,145.11862,-37.88099,MONASH,METROPOLITAN SOUTH EAST REGION,2,2,0,0,2,0,1,1,0,0,1,0,0,1,0,0,0,0,0,1,No,0,2,0,1,1,0,Metropolitan Excluding CBD
22/06/2014,03.22.00,Yes,Collision with vehicle,OTHER ON PATH,No,Dark Street lights on,Yes,Not at intersection,Serious injury accident,50 km/hr,144.54725,-37.66517,MELTON,METROPOLITAN NORTH WEST REGION,2,1,0,1,0,1,1,1,0,1,1,0,0,0,0,0,0,0,0,0,No,0,2,0,2,0,0,Small Provincial Cities
22/06/2014,05.25.00,Yes,Collision with vehicle,VEHICLE COLLIDES WITH VEHICLE PARKED ON LEFT OF ROAD,Yes,Dark Street lights on,Yes,Not at intersection,Serious injury accident,60 km/hr,144.96262,-37.76414,MORELAND,METROPOLITAN NORTH WEST REGION,3,1,0,1,0,2,2,1,0,0,2,1,0,0,0,0,0,0,0,0,No,0,2,0,2,0,0,Metropolitan Excluding CBD
22/06/2014,08.10.00,Yes,Collision with vehicle,VEHICLE COLLIDES WITH VEHICLE PARKED ON LEFT OF ROAD,No,Dusk/Dawn,Yes,Not at intersection,Serious injury accident,60 km/hr,145.0122,-37.96396,BAYSIDE,METROPOLITAN SOUTH EAST REGION,2,1,0,1,0,1,1,1,1,0,1,0,0,0,0,0,0,0,0,0,No,0,2,0,1,0,0,Metropolitan Excluding CBD
22/06/2014,09.50.00,Yes,Struck Pedestrian,FAR SIDE. PED HIT BY VEHICLE FROM THE LEFT,No,Day,Yes,Cross intersection,Other injury accident,60 km/hr,145.22735,-37.81584,MAROONDAH,METROPOLITAN SOUTH EAST REGION,2,1,0,0,1,1,1,1,0,0,1,1,0,0,0,0,1,0,0,0,No,0,1,0,1,0,0,Metropolitan Excluding CBD
22/06/2014,10.24.00,No,Collision with vehicle,RIGHT THROUGH,No,Day,Yes,T intersection,Other injury accident,60 km/hr,145.92132,-38.15866,BAW BAW,EASTERN REGION,5,1,0,0,1,4,0,5,0,3,2,0,0,0,0,0,0,0,0,0,No,0,2,0,2,0,0,Small Provincial Cities
22/06/2014,11.30.00,No,Collision with vehicle,VEHICLE STRIKES DOOR OF PARKED/STATIONARY VEHICLE,No,Day,No,Not at intersection,Other injury accident,40 km/hr,144.98459,-37.79709,YARRA,METROPOLITAN NORTH WEST REGION,2,1,0,0,1,1,1,1,1,0,1,0,0,0,0,0,0,0,0,0,No,0,2,0,1,0,0,Metropolitan Excluding CBD
22/06/2014,11.50.00,No,Collision with vehicle,HEAD ON (NOT OVERTAKING),No,Day,Yes,Not at intersection,Other injury accident,100 km/hr,143.03442,-38.52539,CORANGAMITE,SOUTH WESTERN REGION,6,2,0,0,2,4,3,3,0,4,2,0,0,0,0,0,0,0,0,1,No,0,2,0,2,0,0,Country
22/06/2014,11.49.00,No,Collision with vehicle,VEHICLE COLLIDES WITH VEHICLE PARKED ON LEFT OF ROAD,No,Day,Yes,T intersection,Other injury accident,50 km/hr,144.98013,-37.79851,YARRA,METROPOLITAN NORTH WEST REGION,1,1,0,0,1,0,0,1,0,0,1,0,0,0,0,0,0,0,0,0,No,0,5,0,5,0,0,Metropolitan Excluding CBD
22/06/2014,13.55.00,No,No collision and no object struck,OUT OF CONTROL ON CARRIAGEWAY (ON STRAIGHT),No,Day,Yes,Not at intersection,Serious injury accident,50 km/hr,145.16755,-38.09946,FRANKSTON,METROPOLITAN SOUTH EAST REGION,1,1,0,1,0,0,1,0,0,0,0,0,0,1,0,0,0,0,0,0,No,0,1,0,0,1,0,Metropolitan Excluding CBD