ACCIDENT_DATE,ACCIDENT_TIME,ALCOHOLTIME,ACCIDENT_TYPE,DCA_CODE,HIT_RUN_FLAG,LIGHT_CONDITION,POLICE_ATTEND,ROAD_GEOMETRY,SEVERITY,SPEED_ZONE,LONGITUDE,LATITUDE,LGA_NAME,REGION_NAME,TOTAL_PERSONS,INJ_OR_FATAL,FATALITY,SERIOUSINJURY,OTHERINJURY,NONINJURED,MALES,FEMALES,BICYCLIST,PASSENGER,DRIVER,PEDESTRIAN,PILLION,MOTORIST,UNKNOWN,PED_CYCLIST_5_12,PED_CYCLIST_13_18,OLD_PEDESTRIAN,OLD_DRIVER,YOUNG_DRIVER,ALCOHOL_RELATED,UNLICENCSED,NO_OF_VEHICLES,HEAVYVEHICLE,PASSENGERVEHICLE,MOTORCYCLE,PUBLICVEHICLE,DEG_URBAN_NAME
8/07/2014,16.10.00,No,Collision with vehicle,CROSS TRAFFIC(INTERSECTIONS ONLY),No,Dusk/Dawn,Yes,Cross intersection,Other injury accident,50 km/hr,144.89065,-37.78914,MARIBYRNONG,METROPOLITAN NORTH WEST REGION,3,1,0,0,1,2,0,3,0,1,2,0,0,0,0,0,0,0,1,0,No,0,2,0,2,0,0,Metropolitan Excluding CBD
8/07/2014,18.00.00,Yes,Collision with a fixed object,REVERSING INTO FIXED OBJECT/PARKED VEHICLE,No,Dusk/Dawn,Yes,Not at intersection,Serious injury accident,50 km/hr,144.92231,-37.68932,HUME,METROPOLITAN NORTH WEST REGION,1,1,0,1,0,0,1,0,0,0,1,0,0,0,0,0,0,0,1,0,No,0,1,0,1,0,0,Metropolitan Excluding CBD
8/07/2014,19.30.00,Yes,Struck Pedestrian,FAR SIDE. PED HIT BY VEHICLE FROM THE LEFT,No,Dark Street lights on,Yes,Not at intersection,Other injury accident,70 km/hr,144.72132,-37.85188,WYNDHAM,METROPOLITAN NORTH WEST REGION,2,1,0,0,1,1,2,0,0,0,1,1,0,0,0,0,0,0,0,0,No,0,1,0,1,0,0,Metropolitan Excluding CBD
8/07/2014,20.50.00,Yes,Collision with vehicle,RIGHT THROUGH,No,Dark Street lights on,Yes,Not at intersection,Serious injury accident,80 km/hr,145.15535,-37.93534,DANDENONG,METROPOLITAN SOUTH EAST REGION,2,2,0,1,1,0,1,1,0,0,2,0,0,0,0,0,0,0,0,0,Yes,0,2,0,2,0,0,Metropolitan Excluding CBD
8/07/2014,20.25.00,Yes,Collision with vehicle,LANE CHANGE RIGHT (NOT OVERTAKING),No,Dark Street lights on,Yes,Not at intersection,Other injury accident,100 km/hr,144.80965,-37.8329,WYNDHAM,METROPOLITAN NORTH WEST REGION,5,1,0,0,1,4,3,2,0,2,3,0,0,0,0,0,0,0,0,0,No,0,3,0,3,0,0,Metropolitan Excluding CBD
8/07/2014,14.00.00,No,Collision with vehicle,REAR END(VEHICLES IN SAME LANE),No,Day,Yes,Cross intersection,Other injury accident,60 km/hr,145.00285,-37.74509,DAREBIN,METROPOLITAN NORTH WEST REGION,3,1,0,0,1,2,3,0,0,0,3,0,0,0,0,0,0,0,0,0,No,0,3,1,2,0,0,Metropolitan Excluding CBD
8/07/2014,13.00.00,No,No collision and no object struck,OUT OF CONTROL ON CARRIAGEWAY (ON STRAIGHT),No,Day,Yes,T intersection,Other injury accident,100 km/hr,146.10805,-38.35574,SOUTH GIPPSLAND,EASTERN REGION,1,1,0,0,1,0,0,1,0,0,0,0,0,1,0,0,0,0,0,0,No,0,1,0,0,1,0,Country
8/07/2014,12.30.00,No,Struck Pedestrian,FAR SIDE. PED HIT BY VEHICLE FROM THE LEFT,No,Day,No,T intersection,Other injury accident,Not known,145.14404,-37.8952,MONASH,METROPOLITAN SOUTH EAST REGION,2,1,0,0,1,1,1,1,0,0,1,1,0,0,0,0,0,0,1,0,No,0,1,0,1,0,0,Metropolitan Excluding CBD
8/07/2014,19.05.00,Yes,Struck Pedestrian,FAR SIDE. PED HIT BY VEHICLE FROM THE LEFT,No,Dark Street lights on,No,T intersection,Serious injury accident,60 km/hr,144.94236,-37.84484,PORT PHILLIP,METROPOLITAN NORTH WEST REGION,2,1,0,1,0,1,1,1,0,0,1,1,0,0,0,0,0,0,0,0,No,0,1,0,1,0,0,Metropolitan Excluding CBD
8/07/2014,18.00.00,Yes,Collision with vehicle,REAR END(VEHICLES IN SAME LANE),No,Dusk/Dawn,No,Not at intersection,Other injury accident,90 km/hr,144.65462,-37.7255,MELTON,METROPOLITAN NORTH WEST REGION,2,1,0,0,1,1,1,1,0,0,2,0,0,0,0,0,0,0,0,0,No,0,2,0,2,0,0,Small Towns
8/07/2014,20.00.00,Yes,Collision with a fixed object,RIGHT OFF CARRIAGEWAY INTO OBJECT/PARKED VEHICLE,No,Dark No street lights,Yes,Not at intersection,Other injury accident,60 km/hr,145.36766,-37.88383,YARRA RANGES,METROPOLITAN SOUTH EAST REGION,1,1,0,0,1,0,1,0,0,0,1,0,0,0,0,0,0,0,0,1,No,0,1,0,1,0,0,Metropolitan Excluding CBD
8/07/2014,13.53.00,No,Collision with vehicle,HEAD ON (NOT OVERTAKING),No,Day,Yes,Not at intersection,Serious injury accident,60 km/hr,144.94423,-37.76948,MORELAND,METROPOLITAN NORTH WEST REGION,3,1,0,1,0,2,1,2,0,1,2,0,0,0,0,0,0,0,0,2,No,0,2,0,2,0,0,Metropolitan Excluding CBD
8/07/2014,06.45.00,No,Collision with vehicle,VEHICLE COLLIDES WITH VEHICLE PARKED ON LEFT OF ROAD,No,Dark Street lights unknown,No,Not at intersection,Serious injury accident,60 km/hr,145.01548,-37.97479,BAYSIDE,METROPOLITAN SOUTH EAST REGION,2,1,0,1,0,1,2,0,1,0,1,0,0,0,0,0,0,0,0,0,No,0,2,0,1,0,0,Metropolitan Excluding CBD
8/07/2014,20.00.00,Yes,Collision with a fixed object,LEFT OFF CARRIAGEWAY INTO OBJECT/PARKED VEHICLE,No,Dark No street lights,No,Cross intersection,Other injury accident,50 km/hr,144.85847,-37.12182,MITCHELL,NORTHERN REGION,1,1,0,0,1,0,1,0,0,0,1,0,0,0,0,0,0,0,0,1,No,0,1,0,1,0,0,Small Towns
8/07/2014,16.00.00,No,Struck Pedestrian,PED NEAR SIDE. PED HIT BY VEHICLE FROM THE RIGHT.,No,Unk.,Not known,Cross intersection,Serious injury accident,Not known,145.20878,-37.99876,DANDENONG,METROPOLITAN SOUTH EAST REGION,2,1,0,1,0,1,2,0,0,0,1,1,0,0,0,0,0,0,0,1,No,0,1,0,1,0,0,Metropolitan Excluding CBD
8/07/2014,20.00.00,Yes,Collision with vehicle,RIGHT THROUGH,No,Dark Street lights on,No,Cross intersection,Other injury accident,40 km/hr,145.34831,-37.75737,YARRA RANGES,METROPOLITAN SOUTH EAST REGION,2,1,0,0,1,1,2,0,0,0,2,0,0,0,0,0,0,0,0,2,No,0,2,0,2,0,0,Metropolitan Excluding CBD
8/07/2014,12.10.00,No,Collision with vehicle,REAR END(VEHICLES IN SAME LANE),No,Day,No,T intersection,Other injury accident,60 km/hr,144.93271,-37.82205,MELBOURNE,METROPOLITAN NORTH WEST REGION,3,1,0,0,1,2,3,0,0,1,2,0,0,0,0,0,0,0,0,0,No,0,2,0,2,0,0,Metropolitan Excluding CBD
8/07/2014,17.55.00,No,Collision with vehicle,RIGHT THROUGH,No,Dusk/Dawn,Yes,T intersection,Other injury accident,80 km/hr,145.13862,-37.95036,DANDENONG,METROPOLITAN SOUTH EAST REGION,8,2,0,0,2,6,4,4,0,4,4,0,0,0,0,0,0,0,0,1,No,1,4,0,4,0,0,Metropolitan Excluding CBD
8/07/2014,13.00.00,No,Collision with vehicle,VEHICLE STRIKES ANOTHER VEH WHILE EMERGING FROM DRIVEWAY,No,Day,No,Not at intersection,Other injury accident,Camping grounds or off road,145.04369,-37.90441,GLEN EIRA,METROPOLITAN SOUTH EAST REGION,2,1,0,0,1,1,1,1,1,0,1,0,0,0,0,0,0,0,0,0,No,0,2,0,1,0,0,Metropolitan Excluding CBD
8/07/2014,15.55.00,No,Collision with vehicle,RIGHT REAR.,No,Day,Yes,Not at intersection,Other injury accident,60 km/hr,144.33184,-38.13031,GEELONG,SOUTH WESTERN REGION,2,1,0,0,1,1,1,1,0,0,2,0,0,0,0,0,0,0,0,0,No,0,2,0,2,0,0,Large Provincial Cities
8/07/2014,02.00.00,Yes,Collision with vehicle,REAR END(VEHICLES IN SAME LANE),No,Dark Street lights on,Yes,Cross intersection,Other injury accident,40 km/hr,144.97101,-37.81306,MELBOURNE,METROPOLITAN NORTH WEST REGION,3,1,0,0,1,2,2,1,0,1,2,0,0,0,0,0,0,0,0,0,No,0,2,0,2,0,0,Metropolitan CBD Only
8/07/2014,12.00.00,No,Vehicle overturned (no collision),OFF CARRIAGEWAY TO LEFT,No,Day,No,Not at intersection,Other injury accident,100 km/hr,145.80752,-38.45724,SOUTH GIPPSLAND,EASTERN REGION,1,1,0,0,1,0,1,0,0,0,0,0,0,1,0,0,0,0,0,0,No,0,1,0,0,1,0,Country
9/07/2014,05.15.00,Yes,Struck Pedestrian,PED NEAR SIDE. PED HIT BY VEHICLE FROM THE RIGHT.,No,Dark Street lights on,Yes,T intersection,Other injury accident,60 km/hr,144.93727,-37.73818,MORELAND,METROPOLITAN NORTH WEST REGION,2,2,0,0,2,0,1,1,0,0,1,1,0,0,0,0,0,0,0,0,No,0,1,0,1,0,0,Metropolitan Excluding CBD
9/07/2014,03.15.00,Yes,Collision with vehicle,REAR END(VEHICLES IN SAME LANE),No,Dark Street lights on,Yes,Not at intersection,Serious injury accident,100 km/hr,144.7777,-37.85994,HOBSONS BAY,METROPOLITAN NORTH WEST REGION,2,2,0,2,0,0,2,0,0,0,2,0,0,0,0,0,0,0,0,0,Yes,0,2,0,2,0,0,Metropolitan Excluding CBD
9/07/2014,10.13.00,No,Collision with vehicle,LEFT NEAR (INTERSECTIONS ONLY),No,Day,Yes,T intersection,Serious injury accident,60 km/hr,145.22465,-37.99593,DANDENONG,METROPOLITAN SOUTH EAST REGION,3,3,0,2,1,0,1,2,0,1,2,0,0,0,0,0,0,0,0,0,No,0,2,0,2,0,0,Metropolitan Excluding CBD
9/07/2014,08.45.00,No,Collision with vehicle,VEHICLE COLLIDES WITH VEHICLE PARKED ON LEFT OF ROAD,No,Dusk/Dawn,Yes,Not at intersection,Serious injury accident,50 km/hr,144.66967,-38.11375,GEELONG,SOUTH WESTERN REGION,1,1,0,1,0,0,1,0,1,0,0,0,0,0,0,0,0,0,0,0,No,0,2,0,0,0,0,Other Towns
9/07/2014,10.30.00,No,Collision with vehicle,RIGHT THROUGH,No,Day,Yes,T intersection,Serious injury accident,70 km/hr,145.0923,-37.69522,BANYULE,METROPOLITAN NORTH WEST REGION,3,2,0,2,0,1,3,0,0,1,2,0,0,0,0,0,0,0,0,0,No,0,2,0,2,0,0,Metropolitan Excluding CBD
9/07/2014,08.58.00,No,Collision with vehicle,REAR END(VEHICLES IN SAME LANE),No,Dusk/Dawn,Yes,Not at intersection,Other injury accident,100 km/hr,145.29433,-38.00152,CASEY,METROPOLITAN SOUTH EAST REGION,3,1,0,0,1,2,2,1,0,1,2,0,0,0,0,0,0,0,0,1,No,0,2,0,2,0,0,Metropolitan Excluding CBD
9/07/2014,09.50.00,No,Vehicle overturned (no collision),OFF CARRIAGEWAY ON RIGHT BEND,No,Day,Yes,Not at intersection,Serious injury accident,100 km/hr,147.79938,-37.78423,EAST GIPPSLAND,EASTERN REGION,2,2,0,1,1,0,1,1,0,1,1,0,0,0,0,0,0,0,0,1,No,0,1,0,1,0,0,Country
9/07/2014,10.30.00,No,Struck Pedestrian,PED NEAR SIDE. PED HIT BY VEHICLE FROM THE RIGHT.,No,Day,Yes,Not at intersection,Fatal accident,60 km/hr,144.35839,-38.07883,GEELONG,SOUTH WESTERN REGION,2,1,1,0,0,1,1,1,0,0,1,1,0,0,0,0,0,1,0,0,No,0,1,0,1,0,0,Large Provincial Cities
9/07/2014,13.40.00,No,Collision with vehicle,CROSS TRAFFIC(INTERSECTIONS ONLY),No,Day,Yes,Cross intersection,Serious injury accident,100 km/hr,145.45047,-36.06911,MOIRA,NORTH EASTERN REGION,4,3,0,1,2,1,2,2,0,2,2,0,0,0,0,0,0,0,0,0,No,0,2,0,2,0,0,Country
9/07/2014,15.54.00,No,Collision with vehicle,RIGHT NEAR (INTERSECTIONS ONLY),No,Day,Yes,T intersection,Other injury accident,60 km/hr,146.38497,-38.234,LATROBE,EASTERN REGION,6,2,0,0,2,4,1,5,0,4,2,0,0,0,0,0,0,0,0,0,No,0,2,0,1,0,0,Small Provincial Cities
9/07/2014,15.10.00,No,Collision with vehicle,CROSS TRAFFIC(INTERSECTIONS ONLY),No,Day,Yes,Cross intersection,Other injury accident,50 km/hr,145.13605,-37.80772,WHITEHORSE,METROPOLITAN SOUTH EAST REGION,3,1,0,0,1,2,1,2,0,0,3,0,0,0,0,0,0,0,1,0,No,0,3,0,3,0,0,Metropolitan Excluding CBD
9/07/2014,15.50.00,No,Collision with vehicle,RIGHT THROUGH,No,Day,Yes,T intersection,Other injury accident,60 km/hr,145.35682,-37.75725,YARRA RANGES,METROPOLITAN SOUTH EAST REGION,4,1,0,0,1,3,2,2,0,1,3,0,0,0,0,0,0,0,0,2,No,0,3,0,3,0,0,Metropolitan Excluding CBD
9/07/2014,14.45.00,No,Collision with a fixed object,LEFT OFF CARRIAGEWAY INTO OBJECT/PARKED VEHICLE,No,Day,Yes,Not at intersection,Fatal accident,110 km/hr,146.45167,-36.21241,WANGARATTA,NORTH EASTERN REGION,4,4,1,2,1,0,2,2,0,3,1,0,0,0,0,0,0,0,1,0,No,0,1,0,1,0,0,Country
9/07/2014,17.25.00,No,Collision with vehicle,REAR END(VEHICLES IN SAME LANE),No,Dusk/Dawn,Yes,Not at intersection,Serious injury accident,80 km/hr,145.14139,-37.85118,WHITEHORSE,METROPOLITAN SOUTH EAST REGION,3,1,0,1,0,2,2,1,0,0,3,0,0,0,0,0,0,0,1,0,No,0,3,0,3,0,0,Metropolitan Excluding CBD
9/07/2014,17.30.00,No,Collision with a fixed object,LEFT OFF CARRIAGEWAY INTO OBJECT/PARKED VEHICLE,No,Dusk/Dawn,Yes,Not at intersection,Other injury accident,70 km/hr,144.94659,-37.68841,HUME,METROPOLITAN NORTH WEST REGION,1,1,0,0,1,0,1,0,0,0,1,0,0,0,0,0,0,0,0,0,No,0,1,0,1,0,0,Metropolitan Excluding CBD
9/07/2014,16.10.00,No,Collision with vehicle,REAR END(VEHICLES IN SAME LANE),No,Dusk/Dawn,No,Not at intersection,Other injury accident,100 km/hr,145.16975,-37.80341,WHITEHORSE,METROPOLITAN SOUTH EAST REGION,4,1,0,0,1,3,3,0,0,0,3,0,0,0,1,0,0,0,0,0,No,0,4,0,3,0,0,Metropolitan Excluding CBD
9/07/2014,18.00.00,Yes,Collision with vehicle,RIGHT NEAR (INTERSECTIONS ONLY),No,Dark No street lights,Yes,T intersection,Other injury accident,60 km/hr,145.0154,-37.67203,WHITTLESEA,METROPOLITAN NORTH WEST REGION,2,1,0,0,1,1,1,1,0,0,2,0,0,0,0,0,0,0,0,1,No,0,2,0,2,0,0,Metropolitan Excluding CBD
9/07/2014,18.35.00,Yes,Struck Pedestrian,FAR SIDE. PED HIT BY VEHICLE FROM THE LEFT,No,Dusk/Dawn,Yes,Cross intersection,Other injury accident,50 km/hr,144.99547,-37.86902,PORT PHILLIP,METROPOLITAN NORTH WEST REGION,2,1,0,0,1,1,1,1,0,0,1,1,0,0,0,0,0,0,0,0,No,0,1,0,1,0,0,Metropolitan Excluding CBD
9/07/2014,18.10.00,Yes,Collision with vehicle,RIGHT THROUGH,No,Dusk/Dawn,Yes,Cross intersection,Other injury accident,50 km/hr,144.97269,-37.78466,YARRA,METROPOLITAN NORTH WEST REGION,2,1,0,0,1,1,2,0,1,0,1,0,0,0,0,0,0,0,0,0,No,0,2,0,1,0,0,Metropolitan Excluding CBD
9/07/2014,20.00.00,Yes,Collision with vehicle,VEHICLE STRIKES ANOTHER VEH WHILE EMERGING FROM DRIVEWAY,No,Day,No,Not at intersection,Other injury accident,Not known,145.31011,-38.00999,CASEY,METROPOLITAN SOUTH EAST REGION,3,1,0,0,1,2,2,0,0,1,2,0,0,0,0,0,0,0,0,0,No,0,2,0,2,0,0,Metropolitan Excluding CBD
9/07/2014,19.19.00,Yes,Collision with vehicle,REAR END(VEHICLES IN SAME LANE),No,Dark Street lights on,Yes,Cross intersection,Other injury accident,60 km/hr,145.02297,-37.81307,BOROONDARA,METROPOLITAN SOUTH EAST REGION,9,2,0,0,2,7,5,2,0,6,3,0,0,0,0,0,0,0,0,1,No,0,3,0,3,0,0,Metropolitan Excluding CBD
9/07/2014,19.00.00,Yes,Collision with a fixed object,OFF LEFT BEND INTO OBJECT/PARKED VEHICLE,No,Dark No street lights,Yes,Not at intersection,Serious injury accident,80 km/hr,142.8194,-38.08773,MOYNE,SOUTH WESTERN REGION,1,1,0,1,0,0,0,1,0,0,1,0,0,0,0,0,0,0,0,0,No,0,1,0,1,0,0,Country
9/07/2014,18.51.00,Yes,Collision with vehicle,VEHICLE COLLIDES WITH VEHICLE PARKED ON LEFT OF ROAD,No,Dark Street lights on,Yes,Not at intersection,Serious injury accident,50 km/hr,146.54682,-38.19236,LATROBE,EASTERN REGION,2,2,0,2,0,0,1,1,0,1,1,0,0,0,0,0,0,0,0,1,No,0,2,0,2,0,0,Small Provincial Cities
9/07/2014,20.00.00,Yes,Collision with a fixed object,LEFT OFF CARRIAGEWAY INTO OBJECT/PARKED VEHICLE,No,Dark Street lights on,Yes,Cross intersection,Serious injury accident,60 km/hr,144.8811,-37.77503,MARIBYRNONG,METROPOLITAN NORTH WEST REGION,2,1,0,1,0,1,1,1,0,1,1,0,0,0,0,0,0,0,1,0,No,0,1,0,1,0,0,Metropolitan Excluding CBD
9/07/2014,15.15.00,No,Struck Pedestrian,FAR SIDE. PED HIT BY VEHICLE FROM THE LEFT,No,Day,Yes,Cross intersection,Serious injury accident,40 km/hr,145.20878,-37.99876,DANDENONG,METROPOLITAN SOUTH EAST REGION,2,1,0,1,0,1,2,0,0,0,1,1,0,0,0,0,0,0,0,1,No,0,1,0,1,0,0,Metropolitan Excluding CBD
9/07/2014,18.56.00,Yes,Collision with a fixed object,RIGHT OFF CARRIAGEWAY INTO OBJECT/PARKED VEHICLE,No,Dusk/Dawn,Yes,Not at intersection,Fatal accident,80 km/hr,145.22974,-37.94501,KNOX,METROPOLITAN SOUTH EAST REGION,4,1,1,0,0,3,0,4,0,2,2,0,0,0,0,0,0,0,1,0,No,0,2,0,2,0,0,Metropolitan Excluding CBD
9/07/2014,21.30.00,Yes,Collision with vehicle,RIGHT THROUGH,No,Dark Street lights on,Yes,T intersection,Other injury accident,80 km/hr,145.38149,-38.05524,CARDINIA,METROPOLITAN SOUTH EAST REGION,2,2,0,0,2,0,0,2,0,0,2,0,0,0,0,0,0,0,0,2,No,0,2,0,2,0,0,Metropolitan Excluding CBD
9/07/2014,23.33.00,Yes,Collision with a fixed object,RIGHT OFF CARRIAGEWAY INTO OBJECT/PARKED VEHICLE,No,Dark Street lights on,Yes,Not at intersection,Serious injury accident,60 km/hr,145.13974,-37.68657,BANYULE,METROPOLITAN NORTH WEST REGION,1,1,0,1,0,0,1,0,0,0,1,0,0,0,0,0,0,0,0,0,No,1,1,0,1,0,0,Metropolitan Excluding CBD
9/07/2014,09.30.00,No,Collision with vehicle,VEHICLE COLLIDES WITH VEHICLE PARKED ON LEFT OF ROAD,No,Day,No,Cross intersection,Other injury accident,50 km/hr,144.99283,-37.8547,STONNINGTON,METROPOLITAN SOUTH EAST REGION,2,1,0,0,1,1,0,2,1,0,1,0,0,0,0,0,0,0,0,0,No,0,2,0,1,0,0,Metropolitan Excluding CBD
9/07/2014,17.47.00,No,No collision and no object struck,OFF CARRIAGEWAY ON RIGHT BEND,No,Dusk/Dawn,Yes,Not at intersection,Serious injury accident,50 km/hr,145.22327,-37.95298,DANDENONG,METROPOLITAN SOUTH EAST REGION,2,2,0,2,0,0,2,0,0,1,1,0,0,0,0,0,0,0,0,1,Yes,1,1,0,1,0,0,Metropolitan Excluding CBD
9/07/2014,19.30.00,Yes,Collision with vehicle,CROSS TRAFFIC(INTERSECTIONS ONLY),No,Dark Street lights unknown,No,Cross intersection,Other injury accident,Not known,145.27581,-37.88434,KNOX,METROPOLITAN SOUTH EAST REGION,5,1,0,0,1,4,4,1,0,3,2,0,0,0,0,0,0,0,0,0,No,0,2,0,2,0,0,Metropolitan Excluding CBD
9/07/2014,16.30.00,No,Collision with a fixed object,OFF LEFT BEND INTO OBJECT/PARKED VEHICLE,No,Dusk/Dawn,Yes,Not at intersection,Serious injury accident,100 km/hr,145.38462,-37.95009,CARDINIA,METROPOLITAN SOUTH EAST REGION,1,1,0,1,0,0,0,1,0,0,1,0,0,0,0,0,0,0,0,1,No,0,1,0,1,0,0,Country
9/07/2014,07.25.00,No,Struck Pedestrian,PED EMERGES FROM IN FRONT OF PARKED OR STATIONARY VEHICLE,No,Dusk/Dawn,No,Not at intersection,Other injury accident,60 km/hr,144.97935,-37.79312,YARRA,METROPOLITAN NORTH WEST REGION,2,2,0,0,2,0,1,0,1,0,0,1,0,0,0,0,0,0,0,0,No,0,1,0,0,0,0,Metropolitan Excluding CBD
9/07/2014,16.00.00,No,Collision with vehicle,RIGHT THROUGH,No,Dusk/Dawn,No,T intersection,Other injury accident,40 km/hr,145.03575,-37.82048,BOROONDARA,METROPOLITAN SOUTH EAST REGION,3,1,0,0,1,2,2,1,0,1,2,0,0,0,0,0,0,0,0,0,No,0,2,0,2,0,0,Metropolitan Excluding CBD
9/07/2014,08.00.00,No,No collision and no object struck,OUT OF CONTROL ON CARRIAGEWAY (ON STRAIGHT),No,Dusk/Dawn,No,Not at intersection,Other injury accident,100 km/hr,144.48471,-37.47676,MACEDON RANGES,NORTHERN REGION,1,1,0,0,1,0,1,0,0,0,0,0,0,1,0,0,0,0,0,0,No,0,1,0,0,1,0,Country
9/07/2014,08.55.00,No,Struck Pedestrian,ANY MANOEUVRE INVOLVING PED NOT INCLUDED IN DCAs 100-108.,Yes,Dusk/Dawn,No,Cross intersection,Other injury accident,40 km/hr,144.99792,-37.84738,STONNINGTON,METROPOLITAN SOUTH EAST REGION,2,1,0,0,1,1,2,0,0,0,1,1,0,0,0,0,0,0,0,0,No,0,1,0,1,0,0,Metropolitan Excluding CBD
9/07/2014,18.00.00,Yes,Collision with vehicle,OTHER ADJACENT (INTERSECTIONS ONLY),No,Dusk/Dawn,No,T intersection,Other injury accident,50 km/hr,144.99922,-37.74972,DAREBIN,METROPOLITAN NORTH WEST REGION,2,1,0,0,1,1,2,0,1,0,1,0,0,0,0,0,0,0,0,0,No,0,2,0,1,0,0,Metropolitan Excluding CBD
9/07/2014,14.30.00,No,Collision with vehicle,LEFT NEAR (INTERSECTIONS ONLY),No,Day,No,T intersection,Other injury accident,50 km/hr,145.02307,-37.66111,WHITTLESEA,METROPOLITAN NORTH WEST REGION,2,2,0,0,2,0,1,1,0,0,2,0,0,0,0,0,0,0,0,0,No,0,2,0,2,0,0,Metropolitan Excluding CBD
9/07/2014,12.34.00,No,Collision with vehicle,REAR END(VEHICLES IN SAME LANE),No,Day,Yes,Not at intersection,Other injury accident,60 km/hr,145.05913,-37.94709,KINGSTON,METROPOLITAN SOUTH EAST REGION,6,1,0,0,1,5,2,4,0,3,3,0,0,0,0,0,0,0,1,0,No,0,3,0,3,0,0,Metropolitan Excluding CBD
9/07/2014,11.00.00,No,No collision and no object struck,OUT OF CONTROL ON CARRIAGEWAY (ON STRAIGHT),No,Day,No,Not at intersection,Other injury accident,Not known,146.07108,-37.98556,BAW BAW,EASTERN REGION,1,1,0,0,1,0,1,0,0,0,0,0,0,1,0,0,0,0,0,0,No,0,1,0,0,1,0,Country
9/07/2014,12.00.00,No,Collision with a fixed object,OFF RIGHT BEND INTO OBJECT/PARKED VEHICLE,No,Day,Yes,Not at intersection,Serious injury accident,60 km/hr,143.33904,-37.95262,CORANGAMITE,SOUTH WESTERN REGION,1,1,0,1,0,0,0,1,0,0,1,0,0,0,0,0,0,0,0,0,No,0,1,0,1,0,0,Small Towns
9/07/2014,23.30.00,Yes,Collision with vehicle,RIGHT REAR.,No,Dark Street lights unknown,Yes,T intersection,Other injury accident,70 km/hr,145.04846,-37.66258,WHITTLESEA,METROPOLITAN NORTH WEST REGION,2,1,0,0,1,1,2,0,0,0,2,0,0,0,0,0,0,0,0,1,No,0,2,0,2,0,0,Metropolitan Excluding CBD
9/07/2014,19.00.00,Yes,Collision with vehicle,PULLING OUT (OVERTAKING),Yes,Dark Street lights unknown,No,T intersection,Other injury accident,50 km/hr,144.91463,-37.66346,HUME,METROPOLITAN NORTH WEST REGION,3,1,0,0,1,2,2,0,0,1,2,0,0,0,0,0,0,0,0,0,No,0,2,0,1,0,1,Metropolitan Excluding CBD
10/07/2014,07.30.00,No,Collision with vehicle,CROSS TRAFFIC(INTERSECTIONS ONLY),No,Dusk/Dawn,Yes,Cross intersection,Other injury accident,50 km/hr,145.00341,-37.86296,PORT PHILLIP,METROPOLITAN NORTH WEST REGION,2,1,0,0,1,1,2,0,1,0,1,0,0,0,0,0,0,0,0,1,No,0,2,0,1,0,0,Metropolitan Excluding CBD
10/07/2014,07.20.00,No,Struck Pedestrian,ANY MANOEUVRE INVOLVING PED NOT INCLUDED IN DCAs 100-108.,Yes,Unk.,No,T intersection,Other injury accident,Not known,145.1207,-37.92011,MONASH,METROPOLITAN SOUTH EAST REGION,2,1,0,0,1,1,1,0,0,0,0,1,0,0,1,0,0,0,0,0,No,0,1,0,0,0,0,Metropolitan Excluding CBD
10/07/2014,09.45.00,No,Collision with vehicle,RIGHT THROUGH,No,Day,Yes,Cross intersection,Other injury accident,60 km/hr,145.04613,-37.88727,GLEN EIRA,METROPOLITAN SOUTH EAST REGION,4,1,0,0,1,3,2,2,0,1,3,0,0,0,0,0,0,0,0,0,No,0,3,0,3,0,0,Metropolitan Excluding CBD
10/07/2014,10.35.00,No,Collision with vehicle,RIGHT THROUGH,No,Day,Yes,Cross intersection,Other injury accident,50 km/hr,145.27062,-37.97637,CASEY,METROPOLITAN SOUTH EAST REGION,4,2,0,0,2,2,2,2,0,2,2,0,0,0,0,0,0,0,0,0,No,0,2,0,2,0,0,Metropolitan Excluding CBD
10/07/2014,08.55.00,No,No collision and no object struck,OUT OF CONTROL ON CARRIAGEWAY (ON STRAIGHT),No,Dusk/Dawn,Yes,Not at intersection,Other injury accident,80 km/hr,145.04972,-37.88128,GLEN EIRA,METROPOLITAN SOUTH EAST REGION,2,1,0,0,1,1,1,0,0,0,1,0,0,1,0,0,0,0,0,0,No,0,2,0,1,1,0,Metropolitan Excluding CBD
10/07/2014,06.40.00,No,Collision with vehicle,REAR END(VEHICLES IN SAME LANE),No,Dusk/Dawn,No,T intersection,Other injury accident,70 km/hr,145.05583,-37.70408,BANYULE,METROPOLITAN NORTH WEST REGION,3,1,0,0,1,2,2,1,0,0,3,0,0,0,0,0,0,0,0,0,No,0,3,0,3,0,0,Metropolitan Excluding CBD
10/07/2014,06.40.00,No,Collision with a fixed object,LEFT OFF CARRIAGEWAY INTO OBJECT/PARKED VEHICLE,No,Dusk/Dawn,Yes,Not at intersection,Fatal accident,100 km/hr,144.65305,-36.61575,CAMPASPE,NORTHERN REGION,1,1,1,0,0,0,1,0,0,0,1,0,0,0,0,0,0,0,0,0,No,1,1,0,1,0,0,Country
10/07/2014,12.02.00,No,Collision with vehicle,RIGHT NEAR (INTERSECTIONS ONLY),No,Day,Yes,T intersection,Other injury accident,70 km/hr,145.04047,-38.23304,MORNINGTON PENINSULA,METROPOLITAN SOUTH EAST REGION,3,1,0,0,1,2,2,1,0,1,2,0,0,0,0,0,0,0,1,0,No,0,2,0,2,0,0,Metropolitan Excluding CBD