ACCIDENT_DATE,ACCIDENT_TIME,ALCOHOLTIME,ACCIDENT_TYPE,DCA_CODE,HIT_RUN_FLAG,LIGHT_CONDITION,POLICE_ATTEND,ROAD_GEOMETRY,SEVERITY,SPEED_ZONE,LONGITUDE,LATITUDE,LGA_NAME,REGION_NAME,TOTAL_PERSONS,INJ_OR_FATAL,FATALITY,SERIOUSINJURY,OTHERINJURY,NONINJURED,MALES,FEMALES,BICYCLIST,PASSENGER,DRIVER,PEDESTRIAN,PILLION,MOTORIST,UNKNOWN,PED_CYCLIST_5_12,PED_CYCLIST_13_18,OLD_PEDESTRIAN,OLD_DRIVER,YOUNG_DRIVER,ALCOHOL_RELATED,UNLICENCSED,NO_OF_VEHICLES,HEAVYVEHICLE,PASSENGERVEHICLE,MOTORCYCLE,PUBLICVEHICLE,DEG_URBAN_NAME
24/10/2014,21.10.00,Yes,Collision with vehicle,REAR END(VEHICLES IN SAME LANE),Yes,Dark Street lights unknown,No,Not at intersection,Other injury accident,100 km/hr,144.95717,-37.69193,HUME,METROPOLITAN NORTH WEST REGION,3,1,0,0,1,2,1,0,0,0,1,0,0,0,2,0,0,0,0,0,No,0,3,0,1,0,0,Metropolitan Excluding CBD
24/10/2014,23.50.00,Yes,Collision with vehicle,VEHICLE STRIKES ANOTHER VEH WHILE EMERGING FROM DRIVEWAY,No,Dark Street lights on,Yes,T intersection,Other injury accident,80 km/hr,145.23017,-37.84842,KNOX,METROPOLITAN SOUTH EAST REGION,5,3,0,0,3,2,2,2,0,3,2,0,0,0,0,0,0,0,0,1,No,0,2,0,2,0,0,Metropolitan Excluding CBD
24/10/2014,22.45.00,Yes,Struck Pedestrian,FAR SIDE. PED HIT BY VEHICLE FROM THE LEFT,No,Dark Street lights on,Yes,Not at intersection,Fatal accident,80 km/hr,145.25443,-37.79759,MAROONDAH,METROPOLITAN SOUTH EAST REGION,2,1,1,0,0,1,2,0,0,0,1,1,0,0,0,0,0,0,0,0,No,0,1,0,1,0,0,Metropolitan Excluding CBD
24/10/2014,16.20.00,No,Collision with vehicle,LEFT TURN SIDESWIPE,Yes,Day,No,T intersection,Other injury accident,60 km/hr,144.98976,-37.8725,PORT PHILLIP,METROPOLITAN NORTH WEST REGION,2,1,0,0,1,1,0,1,1,0,0,0,0,0,1,0,0,0,0,0,No,0,2,0,0,0,0,Metropolitan Excluding CBD
24/10/2014,16.50.00,Yes,Collision with vehicle,LEFT FAR (INTERSECTIONS ONLY),No,Day,No,T intersection,Serious injury accident,Not known,144.75571,-37.76153,MELTON,METROPOLITAN NORTH WEST REGION,2,1,0,1,0,1,2,0,1,0,1,0,0,0,0,0,0,0,0,0,No,0,2,0,1,0,0,Metropolitan Excluding CBD
24/10/2014,17.15.00,Yes,Collision with vehicle,RIGHT THROUGH,No,Dusk/Dawn,Yes,T intersection,Other injury accident,70 km/hr,144.99393,-37.74424,DAREBIN,METROPOLITAN NORTH WEST REGION,5,2,0,0,2,3,3,1,0,2,3,0,0,0,0,0,0,0,0,0,No,0,3,0,3,0,0,Metropolitan Excluding CBD
24/10/2014,07.55.00,No,Collision with vehicle,LANE CHANGE LEFT (NOT OVERTAKING),No,Dusk/Dawn,No,Cross intersection,Other injury accident,80 km/hr,145.21532,-38.01461,DANDENONG,METROPOLITAN SOUTH EAST REGION,2,1,0,0,1,1,1,1,0,0,1,0,0,0,1,0,0,0,0,0,No,0,2,0,1,1,0,Metropolitan Excluding CBD
24/10/2014,14.39.00,No,Collision with vehicle,RIGHT THROUGH,No,Day,Yes,T intersection,Other injury accident,100 km/hr,146.61622,-36.0156,INDIGO,NORTH EASTERN REGION,3,1,0,0,1,2,2,1,0,1,2,0,0,0,0,0,0,0,1,1,No,0,2,0,2,0,0,Country
24/10/2014,13.30.00,No,Collision with vehicle,REAR END(VEHICLES IN SAME LANE),No,Day,No,Not at intersection,Other injury accident,80 km/hr,145.09134,-38.23035,MORNINGTON PENINSULA,METROPOLITAN SOUTH EAST REGION,4,1,0,0,1,3,3,1,0,1,3,0,0,0,0,0,0,0,1,0,No,1,3,1,2,0,0,Metropolitan Excluding CBD
24/10/2014,12.00.00,No,Collision with vehicle,REAR END(VEHICLES IN SAME LANE),No,Day,No,Not at intersection,Other injury accident,80 km/hr,145.03323,-37.83725,BOROONDARA,METROPOLITAN SOUTH EAST REGION,2,1,0,0,1,1,1,0,0,0,0,0,0,1,1,0,0,0,0,0,No,0,2,0,0,1,0,Metropolitan Excluding CBD
24/10/2014,17.30.00,Yes,Collision with vehicle,REAR END(VEHICLES IN SAME LANE),No,Dusk/Dawn,No,T intersection,Serious injury accident,Not known,144.96278,-37.78099,MELBOURNE,METROPOLITAN NORTH WEST REGION,2,1,0,1,0,1,2,0,0,0,2,0,0,0,0,0,0,0,0,0,No,0,2,0,2,0,0,Metropolitan Excluding CBD
24/10/2014,11.50.00,No,Collision with vehicle,RIGHT FAR (INTERSECTIONS ONLY),No,Day,Yes,T intersection,Other injury accident,60 km/hr,144.27776,-36.73675,BENDIGO,NORTHERN REGION,2,1,0,0,1,1,0,2,0,0,2,0,0,0,0,0,0,0,0,0,No,0,2,0,2,0,0,Large Provincial Cities
24/10/2014,18.20.00,Yes,Struck Pedestrian,PED NEAR SIDE. PED HIT BY VEHICLE FROM THE RIGHT.,Yes,Dusk/Dawn,No,Not at intersection,Other injury accident,60 km/hr,144.97947,-37.84761,PORT PHILLIP,METROPOLITAN NORTH WEST REGION,3,1,0,0,1,2,2,1,0,0,1,2,0,0,0,0,0,0,0,1,No,0,1,0,1,0,0,Metropolitan Excluding CBD
24/10/2014,21.10.00,Yes,Collision with vehicle,VEHICLE STRIKES ANOTHER VEH WHILE EMERGING FROM DRIVEWAY,Yes,Dark Street lights on,Yes,Not at intersection,Other injury accident,70 km/hr,144.95768,-37.68703,HUME,METROPOLITAN NORTH WEST REGION,2,1,0,0,1,1,0,1,0,0,1,0,0,0,1,0,0,0,0,1,No,0,2,0,1,0,0,Metropolitan Excluding CBD
24/10/2014,08.50.00,No,Collision with a fixed object,OFF LEFT BEND INTO OBJECT/PARKED VEHICLE,No,Day,Yes,Not at intersection,Other injury accident,100 km/hr,142.85423,-38.28952,CORANGAMITE,SOUTH WESTERN REGION,1,1,0,0,1,0,1,0,0,0,1,0,0,0,0,0,0,0,0,1,No,0,1,0,1,0,0,Country
25/10/2014,01.20.00,Yes,Struck Pedestrian,PED NEAR SIDE. PED HIT BY VEHICLE FROM THE RIGHT.,No,Dark Street lights on,Yes,Not at intersection,Other injury accident,40 km/hr,144.97792,-37.80148,YARRA,METROPOLITAN NORTH WEST REGION,2,1,0,0,1,1,1,1,0,0,1,1,0,0,0,0,0,0,0,0,No,0,1,0,1,0,0,Metropolitan Excluding CBD
25/10/2014,01.10.00,Yes,Collision with vehicle,CROSS TRAFFIC(INTERSECTIONS ONLY),No,Dark Street lights on,Yes,Cross intersection,Other injury accident,60 km/hr,144.45285,-37.25131,MACEDON RANGES,NORTHERN REGION,2,1,0,0,1,1,2,0,0,0,2,0,0,0,0,0,0,0,0,0,No,0,3,0,3,0,0,Other Towns
25/10/2014,03.10.00,Yes,Struck Pedestrian,PED NEAR SIDE. PED HIT BY VEHICLE FROM THE RIGHT.,Yes,Dark Street lights on,Yes,Not at intersection,Serious injury accident,60 km/hr,144.95759,-37.82807,MELBOURNE,METROPOLITAN NORTH WEST REGION,2,1,0,1,0,1,1,0,0,0,0,1,0,0,1,0,0,0,0,0,No,0,1,0,0,0,0,Metropolitan Excluding CBD
25/10/2014,03.45.00,Yes,Collision with vehicle,VEHICLE COLLIDES WITH VEHICLE PARKED ON LEFT OF ROAD,No,Dark Street lights on,Yes,Not at intersection,Serious injury accident,60 km/hr,143.85874,-37.55978,BALLARAT,WESTERN REGION,1,1,0,1,0,0,1,0,0,0,1,0,0,0,0,0,0,0,0,0,No,0,2,0,2,0,0,Large Provincial Cities
25/10/2014,03.30.00,Yes,Struck Pedestrian,PED WALKING WITH TRAFFIC,No,Dark No street lights,No,Not at intersection,Other injury accident,100 km/hr,146.50122,-38.20763,LATROBE,EASTERN REGION,2,1,0,0,1,1,2,0,0,0,1,1,0,0,0,0,0,0,0,0,No,0,1,0,1,0,0,Country
25/10/2014,07.54.00,Yes,Vehicle overturned (no collision),OFF CARRIAGEWAY ON LEFT BEND,No,Dusk/Dawn,Yes,Not at intersection,Other injury accident,60 km/hr,145.35687,-37.89965,YARRA RANGES,METROPOLITAN SOUTH EAST REGION,1,1,0,0,1,0,0,1,0,0,1,0,0,0,0,0,0,0,0,0,No,0,1,0,1,0,0,Metropolitan Excluding CBD
25/10/2014,08.40.00,No,No collision and no object struck,OFF CARRIAGEWAY ON RIGHT BEND,No,Day,Yes,Not at intersection,Serious injury accident,60 km/hr,145.36879,-36.39765,SHEPPARTON,NORTH EASTERN REGION,1,1,0,1,0,0,1,0,0,0,0,0,0,1,0,0,0,0,0,0,No,0,1,0,0,1,0,Small Provincial Cities
25/10/2014,09.30.00,No,Vehicle overturned (no collision),OFF CARRIAGEWAY ON RIGHT BEND,No,Day,Yes,Not at intersection,Other injury accident,100 km/hr,147.79343,-36.19726,TOWONG,NORTH EASTERN REGION,3,1,0,0,1,2,3,0,0,2,1,0,0,0,0,0,0,0,0,1,No,0,1,0,1,0,0,Country
25/10/2014,11.10.00,No,Collision with vehicle,CROSS TRAFFIC(INTERSECTIONS ONLY),No,Day,Yes,Cross intersection,Serious injury accident,60 km/hr,144.90333,-37.80712,MARIBYRNONG,METROPOLITAN NORTH WEST REGION,3,1,0,1,0,2,1,2,0,1,2,0,0,0,0,0,0,0,0,0,No,0,2,0,2,0,0,Metropolitan Excluding CBD
25/10/2014,11.21.00,No,Struck Pedestrian,FAR SIDE. PED HIT BY VEHICLE FROM THE LEFT,No,Day,Yes,T intersection,Other injury accident,50 km/hr,145.16335,-38.15273,FRANKSTON,METROPOLITAN SOUTH EAST REGION,3,1,0,0,1,2,2,1,0,1,1,1,0,0,0,1,0,0,0,1,No,0,1,0,1,0,0,Metropolitan Excluding CBD
25/10/2014,11.30.00,No,Collision with vehicle,LANE SIDE SWIPE (VEHICLES IN PARALLEL LANES),Yes,Day,Yes,Not at intersection,Other injury accident,100 km/hr,145.21864,-38.21906,MORNINGTON PENINSULA,METROPOLITAN SOUTH EAST REGION,2,1,0,0,1,1,2,0,1,0,1,0,0,0,0,0,0,0,0,0,No,0,2,0,1,0,0,Country
25/10/2014,09.10.00,No,Collision with vehicle,RIGHT FAR (INTERSECTIONS ONLY),No,Day,No,Cross intersection,Other injury accident,60 km/hr,145.25616,-37.78142,MAROONDAH,METROPOLITAN SOUTH EAST REGION,2,1,0,0,1,1,2,0,1,0,1,0,0,0,0,0,0,0,0,0,No,0,2,0,1,0,0,Metropolitan Excluding CBD
25/10/2014,10.30.00,No,No collision and no object struck,OUT OF CONTROL ON CARRIAGEWAY (ON STRAIGHT),No,Day,No,Not at intersection,Serious injury accident,Not known,144.99393,-38.39514,MORNINGTON PENINSULA,METROPOLITAN SOUTH EAST REGION,3,1,0,1,0,2,3,0,2,0,1,0,0,0,0,0,0,0,0,0,No,0,3,0,1,0,0,Country
25/10/2014,04.15.00,Yes,Collision with a fixed object,LEFT OFF CARRIAGEWAY INTO OBJECT/PARKED VEHICLE,No,Dark No street lights,Yes,Not at intersection,Other injury accident,80 km/hr,146.16323,-36.03659,MOIRA,NORTH EASTERN REGION,1,1,0,0,1,0,1,0,0,0,1,0,0,0,0,0,0,0,0,1,Yes,0,1,0,1,0,0,Small Towns
25/10/2014,12.30.00,No,Collision with vehicle,RIGHT FAR (INTERSECTIONS ONLY),No,Day,Yes,T intersection,Serious injury accident,50 km/hr,144.80878,-38.38502,MORNINGTON PENINSULA,METROPOLITAN SOUTH EAST REGION,2,1,0,1,0,1,2,0,1,0,1,0,0,0,0,1,0,0,0,0,No,0,2,0,1,0,0,Metropolitan Excluding CBD
25/10/2014,11.50.00,No,Collision with a fixed object,OFF RIGHT BEND INTO OBJECT/PARKED VEHICLE,No,Day,Yes,Not at intersection,Serious injury accident,90 km/hr,144.22547,-36.75899,BENDIGO,NORTHERN REGION,1,1,0,1,0,0,1,0,0,0,1,0,0,0,0,0,0,0,0,0,Yes,0,1,0,1,0,0,Large Provincial Cities
25/10/2014,10.30.00,No,Collision with vehicle,VEHICLE COLLIDES WITH VEHICLE PARKED ON LEFT OF ROAD,No,Day,Yes,Not at intersection,Other injury accident,70 km/hr,145.05887,-37.92235,GLEN EIRA,METROPOLITAN SOUTH EAST REGION,1,1,0,0,1,0,1,0,0,0,1,0,0,0,0,0,0,0,0,0,No,0,2,0,1,0,0,Metropolitan Excluding CBD
25/10/2014,10.57.00,No,Collision with vehicle,VEHICLE COLLIDES WITH VEHICLE PARKED ON LEFT OF ROAD,No,Day,Yes,Not at intersection,Serious injury accident,50 km/hr,145.0771,-37.86576,BOROONDARA,METROPOLITAN SOUTH EAST REGION,1,1,0,1,0,0,1,0,0,0,1,0,0,0,0,0,0,0,0,0,No,0,3,0,3,0,0,Metropolitan Excluding CBD
25/10/2014,11.00.00,No,Collision with a fixed object,LEFT OFF CARRIAGEWAY INTO OBJECT/PARKED VEHICLE,No,Day,Yes,Not at intersection,Other injury accident,80 km/hr,145.033,-38.27639,MORNINGTON PENINSULA,METROPOLITAN SOUTH EAST REGION,2,1,0,0,1,1,0,2,0,1,1,0,0,0,0,0,0,0,0,0,No,0,1,0,1,0,0,Metropolitan Excluding CBD
25/10/2014,10.37.00,No,Collision with a fixed object,RIGHT OFF CARRIAGEWAY INTO OBJECT/PARKED VEHICLE,No,Day,Yes,Y intersection,Serious injury accident,50 km/hr,144.94214,-37.78757,MELBOURNE,METROPOLITAN NORTH WEST REGION,1,1,0,1,0,0,1,0,0,0,0,0,0,1,0,0,0,0,0,0,No,0,1,0,0,1,0,Metropolitan Excluding CBD
25/10/2014,12.30.00,No,Collision with vehicle,CROSS TRAFFIC(INTERSECTIONS ONLY),No,Day,Yes,Cross intersection,Other injury accident,50 km/hr,145.41256,-36.36805,SHEPPARTON,NORTH EASTERN REGION,6,2,0,0,2,4,3,3,0,4,2,0,0,0,0,0,0,0,0,1,No,0,2,0,2,0,0,Small Provincial Cities
25/10/2014,12.06.00,No,Collision with a fixed object,LEFT OFF CARRIAGEWAY INTO OBJECT/PARKED VEHICLE,No,Day,Yes,T intersection,Serious injury accident,50 km/hr,145.23114,-37.9953,CASEY,METROPOLITAN SOUTH EAST REGION,1,1,0,1,0,0,1,0,0,0,1,0,0,0,0,0,0,0,0,1,No,0,1,0,1,0,0,Metropolitan Excluding CBD
25/10/2014,11.50.00,No,Collision with a fixed object,OFF LEFT BEND INTO OBJECT/PARKED VEHICLE,No,Day,Yes,T intersection,Other injury accident,100 km/hr,145.77897,-38.46596,SOUTH GIPPSLAND,EASTERN REGION,1,1,0,0,1,0,0,1,0,0,1,0,0,0,0,0,0,0,0,1,No,0,1,0,1,0,0,Country
25/10/2014,15.19.00,Yes,Struck Pedestrian,ANY MANOEUVRE INVOLVING PED NOT INCLUDED IN DCAs 100-108.,No,Day,Yes,Not at intersection,Other injury accident,40 km/hr,145.14969,-37.71256,NILLUMBIK,METROPOLITAN NORTH WEST REGION,2,1,0,0,1,1,1,1,0,0,1,1,0,0,0,0,0,0,0,0,No,0,1,0,1,0,0,Metropolitan Excluding CBD
25/10/2014,14.18.00,Yes,Collision with a fixed object,REVERSING INTO FIXED OBJECT/PARKED VEHICLE,No,Day,Yes,Not at intersection,Other injury accident,50 km/hr,145.2915,-37.86765,KNOX,METROPOLITAN SOUTH EAST REGION,1,1,0,0,1,0,1,0,0,0,1,0,0,0,0,0,0,0,1,0,No,0,1,0,1,0,0,Metropolitan Excluding CBD
25/10/2014,13.55.00,No,Collision with vehicle,RIGHT THROUGH,No,Day,Yes,T intersection,Other injury accident,80 km/hr,145.27559,-37.88321,KNOX,METROPOLITAN SOUTH EAST REGION,6,2,0,0,2,4,3,3,0,4,2,0,0,0,0,0,0,0,0,1,No,0,2,0,2,0,0,Metropolitan Excluding CBD
25/10/2014,14.06.00,Yes,Collision with vehicle,CROSS TRAFFIC(INTERSECTIONS ONLY),No,Day,Yes,Cross intersection,Other injury accident,100 km/hr,145.71494,-38.07565,CARDINIA,METROPOLITAN SOUTH EAST REGION,3,2,0,0,2,1,2,1,0,1,2,0,0,0,0,0,0,0,1,1,No,0,2,0,2,0,0,Country
25/10/2014,19.18.00,Yes,Collision with vehicle,RIGHT THROUGH,No,Dusk/Dawn,Yes,Cross intersection,Other injury accident,60 km/hr,144.97049,-37.79748,MELBOURNE,METROPOLITAN NORTH WEST REGION,4,3,0,0,3,1,2,2,0,2,2,0,0,0,0,0,0,0,0,0,No,0,2,0,2,0,0,Metropolitan Excluding CBD
25/10/2014,08.00.00,Yes,Collision with vehicle,LEFT REAR,No,Day,Yes,Not at intersection,Other injury accident,80 km/hr,145.17776,-38.01097,DANDENONG,METROPOLITAN SOUTH EAST REGION,2,1,0,0,1,1,0,2,0,0,2,0,0,0,0,0,0,0,0,1,No,0,2,0,2,0,0,Metropolitan Excluding CBD
25/10/2014,05.30.00,Yes,Collision with vehicle,OTHER ON PATH,No,Dark Street lights on,Yes,Not at intersection,Serious injury accident,50 km/hr,145.07326,-37.74813,BANYULE,METROPOLITAN NORTH WEST REGION,1,1,0,1,0,0,1,0,0,0,1,0,0,0,0,0,0,0,0,0,No,0,2,0,2,0,0,Metropolitan Excluding CBD
25/10/2014,17.45.00,Yes,Collision with vehicle,REAR END(VEHICLES IN SAME LANE),No,Dusk/Dawn,Yes,Not at intersection,Other injury accident,80 km/hr,144.938,-37.82554,MELBOURNE,METROPOLITAN NORTH WEST REGION,6,2,0,0,2,4,2,4,0,1,5,0,0,0,0,0,0,0,0,0,No,0,5,0,5,0,0,Metropolitan Excluding CBD
25/10/2014,20.05.00,Yes,Collision with vehicle,CROSS TRAFFIC(INTERSECTIONS ONLY),No,Dark Street lights on,Yes,Cross intersection,Other injury accident,60 km/hr,144.26201,-36.73931,BENDIGO,NORTHERN REGION,6,1,0,0,1,5,1,5,0,3,3,0,0,0,0,0,0,0,0,1,No,0,3,0,3,0,0,Large Provincial Cities
25/10/2014,17.09.00,Yes,Collision with a fixed object,RIGHT OFF CARRIAGEWAY INTO OBJECT/PARKED VEHICLE,No,Dusk/Dawn,Yes,Cross intersection,Serious injury accident,50 km/hr,145.25534,-37.92083,KNOX,METROPOLITAN SOUTH EAST REGION,1,1,0,1,0,0,1,0,0,0,1,0,0,0,0,0,0,0,0,0,Yes,0,1,0,1,0,0,Metropolitan Excluding CBD
25/10/2014,02.31.00,Yes,Collision with a fixed object,LEFT OFF CARRIAGEWAY INTO OBJECT/PARKED VEHICLE,No,Dark Street lights on,Yes,Not at intersection,Other injury accident,100 km/hr,144.93766,-37.78959,MELBOURNE,METROPOLITAN NORTH WEST REGION,1,1,0,0,1,0,0,1,0,0,1,0,0,0,0,0,0,0,0,1,No,0,1,1,0,0,0,Metropolitan Excluding CBD
25/10/2014,15.58.00,Yes,Collision with vehicle,LEFT TURN SIDESWIPE,No,Day,Yes,T intersection,Other injury accident,60 km/hr,144.97112,-37.82871,MELBOURNE,METROPOLITAN NORTH WEST REGION,2,1,0,0,1,1,1,1,0,0,2,0,0,0,0,0,0,0,0,1,Yes,0,2,0,2,0,0,Metropolitan Excluding CBD
25/10/2014,21.10.00,Yes,Collision with vehicle,RIGHT THROUGH,No,Dark Street lights on,Yes,Cross intersection,Serious injury accident,80 km/hr,145.17068,-38.15634,FRANKSTON,METROPOLITAN SOUTH EAST REGION,2,2,0,1,1,0,1,1,0,0,2,0,0,0,0,0,0,0,0,0,No,0,2,0,2,0,0,Metropolitan Excluding CBD
25/10/2014,23.15.00,Yes,Collision with vehicle,OTHER ON PATH,No,Dark Street lights on,Yes,Not at intersection,Other injury accident,50 km/hr,144.74734,-37.73177,MELTON,METROPOLITAN NORTH WEST REGION,1,1,0,0,1,0,0,1,0,0,1,0,0,0,0,0,0,0,0,0,No,0,3,0,3,0,0,Metropolitan Excluding CBD
25/10/2014,06.00.00,Yes,Collision with a fixed object,LEFT OFF CARRIAGEWAY INTO OBJECT/PARKED VEHICLE,No,Dark No street lights,Yes,Not at intersection,Other injury accident,100 km/hr,143.76701,-37.31964,HEPBURN,WESTERN REGION,2,2,0,0,2,0,2,0,0,1,1,0,0,0,0,0,0,0,0,1,Yes,0,1,0,1,0,0,Country
25/10/2014,13.00.00,No,Vehicle overturned (no collision),OUT OF CONTROL ON CARRIAGEWAY (ON BEND),No,Day,Yes,Unknown,Serious injury accident,Not known,144.29202,-37.5308,MOORABOOL,WESTERN REGION,1,1,0,1,0,0,1,0,0,0,0,0,0,0,1,0,0,0,0,0,No,0,1,0,0,0,0,Country
25/10/2014,16.11.00,Yes,Collision with a fixed object,LEFT OFF CARRIAGEWAY INTO OBJECT/PARKED VEHICLE,No,Day,Yes,Not at intersection,Other injury accident,60 km/hr,145.30517,-37.8485,KNOX,METROPOLITAN SOUTH EAST REGION,2,2,0,0,2,0,2,0,0,1,1,0,0,0,0,0,0,0,0,0,No,0,1,0,1,0,0,Metropolitan Excluding CBD
25/10/2014,22.50.00,Yes,Collision with vehicle,RIGHT THROUGH,No,Dark Street lights on,Yes,Multiple intersection,Other injury accident,80 km/hr,145.25086,-38.00351,CASEY,METROPOLITAN SOUTH EAST REGION,4,1,0,0,1,3,3,1,0,2,2,0,0,0,0,0,0,0,0,1,No,0,2,0,2,0,0,Metropolitan Excluding CBD
25/10/2014,18.27.00,Yes,Collision with vehicle,RIGHT NEAR (INTERSECTIONS ONLY),No,Dusk/Dawn,Yes,T intersection,Serious injury accident,60 km/hr,145.08532,-37.64376,WHITTLESEA,METROPOLITAN NORTH WEST REGION,2,1,0,1,0,1,2,0,0,0,1,0,0,1,0,0,0,0,0,0,No,0,2,0,1,1,0,Metropolitan Excluding CBD
25/10/2014,10.50.00,No,Collision with a fixed object,OFF RIGHT BEND INTO OBJECT/PARKED VEHICLE,No,Day,Yes,Not at intersection,Other injury accident,Not known,143.72947,-38.53654,COLAC OTWAY,SOUTH WESTERN REGION,4,2,0,0,2,2,3,1,0,3,1,0,0,0,0,0,0,0,0,1,No,0,1,0,1,0,0,Country
25/10/2014,12.30.00,No,No collision and no object struck,OUT OF CONTROL ON CARRIAGEWAY (ON STRAIGHT),No,Day,No,Not at intersection,Other injury accident,60 km/hr,145.16547,-38.09542,FRANKSTON,METROPOLITAN SOUTH EAST REGION,1,1,0,0,1,0,1,0,0,0,0,0,0,0,1,0,0,0,0,0,No,0,1,0,0,1,0,Metropolitan Excluding CBD
25/10/2014,11.30.00,No,No collision and no object struck,OUT OF CONTROL ON CARRIAGEWAY (ON STRAIGHT),No,Day,No,Not at intersection,Serious injury accident,80 km/hr,146.22633,-38.28119,BAW BAW,EASTERN REGION,1,1,0,1,0,0,1,0,0,0,0,0,0,1,0,0,0,0,0,0,No,0,1,0,0,1,0,Country
25/10/2014,11.00.00,No,Collision with vehicle,REAR END(VEHICLES IN SAME LANE),No,Day,Yes,Not at intersection,Serious injury accident,60 km/hr,144.24261,-36.80178,BENDIGO,NORTHERN REGION,4,1,0,1,0,3,1,3,0,0,4,0,0,0,0,0,0,0,0,2,No,0,4,0,4,0,0,Large Provincial Cities
25/10/2014,10.10.00,No,Collision with vehicle,LANE SIDE SWIPE (VEHICLES IN PARALLEL LANES),Yes,Day,No,T intersection,Other injury accident,Not known,145.02504,-37.78188,DAREBIN,METROPOLITAN NORTH WEST REGION,2,1,0,0,1,1,1,0,1,0,0,0,0,0,1,0,0,0,0,0,No,0,2,0,0,0,0,Metropolitan Excluding CBD
25/10/2014,13.40.00,No,Collision with vehicle,REAR END(VEHICLES IN SAME LANE),No,Day,No,Not at intersection,Serious injury accident,50 km/hr,145.01429,-37.73911,DAREBIN,METROPOLITAN NORTH WEST REGION,4,2,0,1,1,2,2,2,0,1,3,0,0,0,0,0,0,0,0,0,No,0,3,0,3,0,0,Metropolitan Excluding CBD
25/10/2014,16.00.00,Yes,Collision with vehicle,CROSS TRAFFIC(INTERSECTIONS ONLY),No,Day,No,Cross intersection,Other injury accident,60 km/hr,142.77651,-34.58663,SWAN HILL,NORTHERN REGION,3,1,0,0,1,2,2,1,0,0,1,0,1,1,0,0,0,0,0,0,No,0,2,0,1,1,0,Other Towns
25/10/2014,15.00.00,Yes,No collision and no object struck,OUT OF CONTROL ON CARRIAGEWAY (ON STRAIGHT),No,Day,No,Not at intersection,Serious injury accident,Not known,146.07433,-37.51981,MURRINDINDI,NORTH EASTERN REGION,1,1,0,1,0,0,1,0,0,0,0,0,0,1,0,0,0,0,0,0,No,0,1,0,0,1,0,Country
25/10/2014,03.00.00,Yes,Collision with a fixed object,LEFT OFF CARRIAGEWAY INTO OBJECT/PARKED VEHICLE,No,Dark Street lights on,No,Not at intersection,Serious injury accident,60 km/hr,145.23066,-38.20241,CASEY,METROPOLITAN SOUTH EAST REGION,2,1,0,1,0,1,2,0,0,1,1,0,0,0,0,0,0,0,0,1,No,0,1,0,1,0,0,Metropolitan Excluding CBD
25/10/2014,21.20.00,Yes,No collision and no object struck,OTHER ACCIDENTS NOT CLASSIFIABLE ELSEWHERE,No,Dark Street lights on,Yes,Not at intersection,Other injury accident,50 km/hr,145.09701,-37.80412,BOROONDARA,METROPOLITAN SOUTH EAST REGION,2,1,0,0,1,1,2,0,0,1,1,0,0,0,0,0,0,0,0,0,No,0,1,0,1,0,0,Metropolitan Excluding CBD
25/10/2014,18.00.00,Yes,Collision with vehicle,VEHICLE STRIKES ANOTHER VEH WHILE EMERGING FROM DRIVEWAY,No,Dusk/Dawn,No,Not at intersection,Other injury accident,60 km/hr,145.11184,-37.9723,KINGSTON,METROPOLITAN SOUTH EAST REGION,3,2,0,0,2,1,2,1,0,1,2,0,0,0,0,0,0,0,0,2,No,0,2,0,2,0,0,Metropolitan Excluding CBD
25/10/2014,16.00.00,Yes,collision with some other object,STRUCK OBJECT ON CARRIAGEWAY,No,Day,No,Not at intersection,Other injury accident,100 km/hr,145.96863,-37.51822,MURRINDINDI,NORTH EASTERN REGION,1,1,0,0,1,0,1,0,0,0,0,0,0,1,0,0,0,0,0,0,No,0,1,0,0,1,0,Country
25/10/2014,11.20.00,No,No collision and no object struck,OFF CARRIAGEWAY ON RIGHT BEND,No,Day,No,Not at intersection,Other injury accident,100 km/hr,144.84935,-36.10006,MOIRA,NORTH EASTERN REGION,1,1,0,0,1,0,1,0,0,0,0,0,0,1,0,0,0,0,0,0,No,0,1,0,0,1,0,Country
25/10/2014,11.00.00,No,No collision and no object struck,OUT OF CONTROL ON CARRIAGEWAY (ON STRAIGHT),No,Day,No,T intersection,Other injury accident,50 km/hr,144.79526,-37.73284,BRIMBANK,METROPOLITAN NORTH WEST REGION,1,1,0,0,1,0,1,0,1,0,0,0,0,0,0,0,0,0,0,0,No,0,1,0,0,0,0,Metropolitan Excluding CBD
25/10/2014,08.55.00,No,Collision with vehicle,HEAD ON (NOT OVERTAKING),No,Day,No,Not at intersection,Other injury accident,50 km/hr,144.87429,-37.7832,MARIBYRNONG,METROPOLITAN NORTH WEST REGION,2,1,0,0,1,1,2,0,0,0,1,0,0,1,0,0,0,0,0,1,No,0,2,0,1,1,0,Metropolitan Excluding CBD
26/10/2014,00.33.00,Yes,Collision with a fixed object,RIGHT OFF CARRIAGEWAY INTO OBJECT/PARKED VEHICLE,No,Dark Street lights on,Yes,Not at intersection,Other injury accident,60 km/hr,144.94539,-37.74107,MORELAND,METROPOLITAN NORTH WEST REGION,2,2,0,0,2,0,1,1,0,1,1,0,0,0,0,0,0,0,0,0,No,0,1,0,1,0,0,Metropolitan Excluding CBD