ACCIDENT_DATE,ACCIDENT_TIME,ALCOHOLTIME,ACCIDENT_TYPE,DCA_CODE,HIT_RUN_FLAG,LIGHT_CONDITION,POLICE_ATTEND,ROAD_GEOMETRY,SEVERITY,SPEED_ZONE,LONGITUDE,LATITUDE,LGA_NAME,REGION_NAME,TOTAL_PERSONS,INJ_OR_FATAL,FATALITY,SERIOUSINJURY,OTHERINJURY,NONINJURED,MALES,FEMALES,BICYCLIST,PASSENGER,DRIVER,PEDESTRIAN,PILLION,MOTORIST,UNKNOWN,PED_CYCLIST_5_12,PED_CYCLIST_13_18,OLD_PEDESTRIAN,OLD_DRIVER,YOUNG_DRIVER,ALCOHOL_RELATED,UNLICENCSED,NO_OF_VEHICLES,HEAVYVEHICLE,PASSENGERVEHICLE,MOTORCYCLE,PUBLICVEHICLE,DEG_URBAN_NAME
4/11/2014,12.20.00,No,Collision with vehicle,REAR END(VEHICLES IN SAME LANE),No,Day,Yes,Not at intersection,Other injury accident,60 km/hr,144.30849,-38.19996,GEELONG,SOUTH WESTERN REGION,5,1,0,0,1,4,3,2,0,2,3,0,0,0,0,0,0,0,0,0,No,0,3,0,3,0,0,Large Provincial Cities
4/11/2014,13.15.00,No,Collision with vehicle,RIGHT FAR (INTERSECTIONS ONLY),No,Day,Yes,Cross intersection,Serious injury accident,60 km/hr,143.84322,-37.57764,BALLARAT,WESTERN REGION,3,1,0,1,0,2,2,1,0,1,2,0,0,0,0,0,0,0,1,1,No,0,2,0,2,0,0,Large Provincial Cities
4/11/2014,12.30.00,No,Collision with vehicle,RIGHT THROUGH,No,Day,Yes,Cross intersection,Serious injury accident,60 km/hr,144.92691,-37.7727,MOONEE VALLEY,METROPOLITAN NORTH WEST REGION,6,4,0,1,3,2,3,3,0,4,2,0,0,0,0,0,0,0,0,1,No,0,2,0,2,0,0,Metropolitan Excluding CBD
4/11/2014,10.55.00,No,Struck Pedestrian,PED PLAYING/LYING/WORKING/STANDING ON CARRIAGEWAY.,No,Day,Yes,Not at intersection,Serious injury accident,50 km/hr,144.93417,-37.62558,HUME,METROPOLITAN NORTH WEST REGION,2,1,0,1,0,1,1,1,0,0,1,1,0,0,0,0,0,0,0,0,No,0,2,0,2,0,0,Metropolitan Excluding CBD
4/11/2014,14.00.00,No,Struck Pedestrian,PED ON FOOTHPATH STRUCK BY VEHENTERING/LEAVING DRIVEWAY.,No,Day,Yes,Not at intersection,Other injury accident,Not known,144.82758,-37.78805,BRIMBANK,METROPOLITAN NORTH WEST REGION,2,1,0,0,1,1,2,0,0,0,1,1,0,0,0,0,0,1,0,0,No,0,1,0,1,0,0,Metropolitan Excluding CBD
4/11/2014,10.30.00,No,Vehicle overturned (no collision),OFF CARRIAGEWAY ON LEFT BEND,No,Day,Yes,Not at intersection,Other injury accident,60 km/hr,145.3569,-37.89906,YARRA RANGES,METROPOLITAN SOUTH EAST REGION,4,3,0,0,3,1,4,0,0,2,2,0,0,0,0,0,0,0,0,0,No,0,2,0,2,0,0,Metropolitan Excluding CBD
4/11/2014,04.54.00,Yes,Collision with a fixed object,OFF RIGHT BEND INTO OBJECT/PARKED VEHICLE,No,Dark No street lights,No,Not at intersection,Other injury accident,Not known,144.83688,-37.69911,HUME,METROPOLITAN NORTH WEST REGION,1,1,0,0,1,0,1,0,0,0,0,0,0,1,0,0,0,0,0,0,No,0,1,0,0,1,0,Metropolitan Excluding CBD
4/11/2014,15.00.00,No,Collision with vehicle,CROSS TRAFFIC(INTERSECTIONS ONLY),No,Day,Yes,Cross intersection,Serious injury accident,100 km/hr,145.46196,-36.37759,SHEPPARTON,NORTH EASTERN REGION,4,1,0,1,0,3,2,2,0,2,2,0,0,0,0,0,0,0,1,0,No,0,2,0,2,0,0,Small Provincial Cities
4/11/2014,14.50.00,No,Vehicle overturned (no collision),OUT OF CONTROL ON CARRIAGEWAY (ON STRAIGHT),No,Day,Yes,Not at intersection,Serious injury accident,100 km/hr,144.69253,-36.75718,CAMPASPE,NORTHERN REGION,1,1,0,1,0,0,1,0,0,0,1,0,0,0,0,0,0,0,0,0,No,0,1,0,1,0,0,Country
4/11/2014,16.30.00,No,Collision with a fixed object,RIGHT OFF CARRIAGEWAY INTO OBJECT/PARKED VEHICLE,No,Day,Yes,Not at intersection,Serious injury accident,90 km/hr,145.48838,-38.14075,CARDINIA,METROPOLITAN SOUTH EAST REGION,1,1,0,1,0,0,1,0,0,0,1,0,0,0,0,0,0,0,0,0,No,1,1,0,1,0,0,Country
4/11/2014,06.40.00,No,Collision with vehicle,LEFT NEAR (INTERSECTIONS ONLY),No,Day,No,T intersection,Other injury accident,50 km/hr,146.85723,-36.11546,WODONGA,NORTH EASTERN REGION,2,1,0,0,1,1,0,2,1,0,1,0,0,0,0,0,0,0,0,0,No,0,2,0,1,0,0,Small Provincial Cities
4/11/2014,14.40.00,No,Fall from or in moving vehicle,FELL IN/FROM VEHICLE,No,Day,Yes,Cross intersection,Serious injury accident,110 km/hr,144.31635,-37.07771,MOUNT ALEXANDER,NORTHERN REGION,2,1,0,1,0,1,1,1,0,1,1,0,0,0,0,0,0,0,0,0,No,0,1,0,1,0,0,Country
4/11/2014,18.30.00,Yes,Collision with vehicle,RIGHT THROUGH,No,Day,Yes,Cross intersection,Serious injury accident,50 km/hr,144.94398,-37.8003,MELBOURNE,METROPOLITAN NORTH WEST REGION,5,1,0,1,0,4,5,0,0,3,2,0,0,0,0,0,0,0,0,1,No,0,2,0,2,0,0,Metropolitan Excluding CBD
4/11/2014,21.31.00,Yes,Collision with vehicle,RIGHT FAR (INTERSECTIONS ONLY),No,Dark Street lights on,Yes,Cross intersection,Other injury accident,70 km/hr,145.15718,-37.90308,MONASH,METROPOLITAN SOUTH EAST REGION,2,1,0,0,1,1,2,0,0,0,2,0,0,0,0,0,0,0,0,1,No,0,2,0,2,0,0,Metropolitan Excluding CBD
4/11/2014,22.55.00,Yes,Collision with vehicle,RIGHT THROUGH,No,Dark Street lights on,Yes,T intersection,Serious injury accident,60 km/hr,144.95219,-37.82185,MELBOURNE,METROPOLITAN NORTH WEST REGION,4,1,0,1,0,3,3,0,0,2,2,0,0,0,0,0,0,0,0,1,No,0,2,0,2,0,0,Metropolitan Excluding CBD
4/11/2014,22.20.00,Yes,Collision with vehicle,HEAD ON(OVERTAKING),No,Dark Street lights on,Yes,T intersection,Serious injury accident,60 km/hr,144.94616,-37.68836,HUME,METROPOLITAN NORTH WEST REGION,3,3,0,1,2,0,2,1,0,1,2,0,0,0,0,0,0,0,0,0,No,0,2,0,2,0,0,Metropolitan Excluding CBD
4/11/2014,23.33.00,Yes,Collision with a fixed object,LEFT OFF CARRIAGEWAY INTO OBJECT/PARKED VEHICLE,No,Dark Street lights on,Yes,Not at intersection,Other injury accident,60 km/hr,145.02242,-37.74724,DAREBIN,METROPOLITAN NORTH WEST REGION,2,2,0,0,2,0,1,1,0,1,1,0,0,0,0,0,0,0,0,1,No,0,1,0,1,0,0,Metropolitan Excluding CBD
4/11/2014,19.00.00,Yes,Collision with vehicle,CROSS TRAFFIC(INTERSECTIONS ONLY),No,Dusk/Dawn,Yes,Cross intersection,Serious injury accident,40 km/hr,144.96203,-37.81791,MELBOURNE,METROPOLITAN NORTH WEST REGION,2,1,0,1,0,1,1,1,0,0,2,0,0,0,0,0,0,0,0,0,No,0,2,0,1,0,0,Metropolitan CBD Only
4/11/2014,13.45.00,No,No collision and no object struck,OUT OF CONTROL ON CARRIAGEWAY (ON BEND),No,Day,Yes,Not at intersection,Other injury accident,100 km/hr,145.87313,-37.5592,YARRA RANGES,METROPOLITAN SOUTH EAST REGION,1,1,0,0,1,0,1,0,0,0,0,0,0,1,0,0,0,0,0,0,No,0,1,0,0,1,0,Country
4/11/2014,16.30.00,No,No collision and no object struck,OFF CARRIAGEWAY TO LEFT,No,Day,No,Not at intersection,Serious injury accident,50 km/hr,145.14302,-37.01909,MITCHELL,NORTHERN REGION,1,1,0,1,0,0,1,0,1,0,0,0,0,0,0,1,0,0,0,0,No,0,1,0,0,0,0,Other Towns
4/11/2014,10.50.00,No,Collision with a fixed object,OFF END OF ROAD/T-INTERSECTION.,No,Day,Yes,T intersection,Serious injury accident,60 km/hr,145.71197,-37.42645,MURRINDINDI,NORTH EASTERN REGION,1,1,0,1,0,0,1,0,0,0,1,0,0,0,0,0,0,0,0,0,No,0,1,0,0,0,0,Country
4/11/2014,10.00.00,No,Collision with vehicle,CROSS TRAFFIC(INTERSECTIONS ONLY),No,Day,Yes,Cross intersection,Serious injury accident,60 km/hr,145.51112,-37.65704,YARRA RANGES,METROPOLITAN SOUTH EAST REGION,2,1,0,1,0,1,2,0,1,0,1,0,0,0,0,0,0,0,1,0,No,0,2,0,1,0,0,Other Towns
4/11/2014,11.00.00,No,No collision and no object struck,OUT OF CONTROL ON CARRIAGEWAY (ON STRAIGHT),No,Day,No,Cross intersection,Serious injury accident,60 km/hr,144.95911,-37.82678,MELBOURNE,METROPOLITAN NORTH WEST REGION,2,1,0,1,0,1,1,0,1,0,0,0,0,0,1,0,0,0,0,0,No,0,2,0,0,0,0,Metropolitan Excluding CBD
4/11/2014,02.10.00,Yes,Collision with a fixed object,LEFT OFF CARRIAGEWAY INTO OBJECT/PARKED VEHICLE,No,Dark No street lights,No,Not at intersection,Other injury accident,100 km/hr,145.42762,-38.15426,CARDINIA,METROPOLITAN SOUTH EAST REGION,1,1,0,0,1,0,1,0,0,0,1,0,0,0,0,0,0,0,0,1,Yes,0,1,0,1,0,0,Country
4/11/2014,21.30.00,Yes,No collision and no object struck,OUT OF CONTROL ON CARRIAGEWAY (ON STRAIGHT),No,Dark Street lights on,No,T intersection,Other injury accident,40 km/hr,144.98517,-37.79905,YARRA,METROPOLITAN NORTH WEST REGION,2,1,0,0,1,1,1,0,1,0,0,0,0,0,1,0,0,0,0,0,No,0,2,0,0,0,0,Metropolitan Excluding CBD
4/11/2014,19.00.00,Yes,Fall from or in moving vehicle,FELL IN/FROM VEHICLE,No,Dusk/Dawn,Yes,T intersection,Serious injury accident,50 km/hr,146.88355,-36.13229,WODONGA,NORTH EASTERN REGION,2,1,0,1,0,1,0,2,0,1,1,0,0,0,0,0,0,0,0,1,No,0,1,0,1,0,0,Small Provincial Cities
4/11/2014,12.00.00,No,Vehicle overturned (no collision),OUT OF CONTROL ON CARRIAGEWAY (ON STRAIGHT),No,Day,No,Not at intersection,Other injury accident,Not known,146.61806,-37.54165,WELLINGTON,EASTERN REGION,3,2,0,0,2,1,3,0,0,2,1,0,0,0,0,0,0,0,0,0,No,0,1,0,1,0,0,Country
4/11/2014,13.00.00,No,No collision and no object struck,OTHER MANOEUVRING NOT INCLUDED IN DCAs 140-148,No,Day,No,Not at intersection,Other injury accident,Not known,145.61217,-37.33694,MURRINDINDI,NORTH EASTERN REGION,1,1,0,0,1,0,1,0,0,0,0,0,0,1,0,0,0,0,0,0,No,0,1,0,0,1,0,Country
4/11/2014,17.00.00,No,No collision and no object struck,OUT OF CONTROL ON CARRIAGEWAY (ON BEND),No,Unk.,No,Not at intersection,Other injury accident,Not known,146.1304,-37.28017,MANSFIELD,NORTH EASTERN REGION,1,1,0,0,1,0,1,0,0,0,0,0,0,1,0,0,0,0,0,0,No,0,1,0,0,1,0,Country
4/11/2014,04.00.00,Yes,Vehicle overturned (no collision),OTHER ACCIDENTS-OFF STRAIGHT NOT INCLUDED IN DCAs 170-175,No,Dark No street lights,No,Not at intersection,Serious injury accident,100 km/hr,146.63835,-38.5144,WELLINGTON,EASTERN REGION,5,2,0,1,1,3,3,2,0,4,1,0,0,0,0,0,0,0,0,0,No,0,1,0,1,0,0,Country
5/11/2014,08.30.00,No,Struck Pedestrian,PED EMERGES FROM IN FRONT OF PARKED OR STATIONARY VEHICLE,No,Day,Yes,Not at intersection,Other injury accident,50 km/hr,144.3614,-38.14367,GEELONG,SOUTH WESTERN REGION,2,1,0,0,1,1,1,1,1,0,0,1,0,0,0,0,0,0,0,0,No,0,1,0,0,0,0,Large Provincial Cities
5/11/2014,08.30.00,No,Collision with vehicle,LEFT TURN SIDESWIPE,No,Day,Yes,T intersection,Serious injury accident,50 km/hr,144.97534,-37.86098,PORT PHILLIP,METROPOLITAN NORTH WEST REGION,2,1,0,1,0,1,1,1,1,0,1,0,0,0,0,0,0,0,0,1,No,0,2,0,1,0,0,Metropolitan Excluding CBD
5/11/2014,10.00.00,No,Collision with vehicle,RIGHT THROUGH,No,Day,Yes,Multiple intersection,Other injury accident,70 km/hr,144.95839,-37.69218,MORELAND,METROPOLITAN NORTH WEST REGION,3,1,0,0,1,2,2,1,0,1,2,0,0,0,0,0,0,0,1,0,No,0,2,0,2,0,0,Metropolitan Excluding CBD
5/11/2014,07.45.00,No,No collision and no object struck,OUT OF CONTROL ON CARRIAGEWAY (ON STRAIGHT),No,Dusk/Dawn,Yes,Not at intersection,Serious injury accident,100 km/hr,143.32535,-37.41268,PYRENEES,WESTERN REGION,4,2,0,1,1,2,3,0,0,3,1,0,0,0,0,0,0,0,0,0,No,0,1,0,1,0,0,Country
5/11/2014,09.22.00,No,Collision with vehicle,REAR END(VEHICLES IN SAME LANE),No,Day,Yes,Not at intersection,Other injury accident,60 km/hr,144.91173,-37.74635,MOONEE VALLEY,METROPOLITAN NORTH WEST REGION,2,1,0,0,1,1,1,1,0,0,2,0,0,0,0,0,0,0,0,1,No,0,2,0,2,0,0,Metropolitan Excluding CBD
5/11/2014,11.05.00,No,Collision with vehicle,REAR END(VEHICLES IN SAME LANE),No,Day,Yes,T intersection,Other injury accident,80 km/hr,144.88747,-37.80151,MARIBYRNONG,METROPOLITAN NORTH WEST REGION,5,1,0,0,1,4,4,1,0,0,5,0,0,0,0,0,0,0,0,0,No,0,5,0,5,0,0,Metropolitan Excluding CBD
5/11/2014,09.30.00,No,Collision with vehicle,HEAD ON (NOT OVERTAKING),No,Day,Yes,Not at intersection,Serious injury accident,100 km/hr,145.10461,-37.57187,WHITTLESEA,METROPOLITAN NORTH WEST REGION,3,3,0,2,1,0,2,1,0,0,3,0,0,0,0,0,0,0,0,0,No,0,3,0,3,0,0,Country
5/11/2014,13.00.00,No,Collision with vehicle,VEHICLE STRIKES ANOTHER VEH WHILE EMERGING FROM DRIVEWAY,No,Day,No,Not at intersection,Other injury accident,70 km/hr,144.7256,-37.87176,WYNDHAM,METROPOLITAN NORTH WEST REGION,2,1,0,0,1,1,0,2,0,0,2,0,0,0,0,0,0,0,0,1,No,0,2,0,2,0,0,Metropolitan Excluding CBD
5/11/2014,16.35.00,No,Collision with vehicle,LANE CHANGE LEFT (NOT OVERTAKING),No,Day,Yes,Not at intersection,Serious injury accident,60 km/hr,145.11858,-37.85033,WHITEHORSE,METROPOLITAN SOUTH EAST REGION,2,1,0,1,0,1,2,0,0,0,1,0,0,1,0,0,0,0,0,0,No,0,2,0,1,1,0,Metropolitan Excluding CBD
5/11/2014,12.05.00,No,Struck Pedestrian,ANY MANOEUVRE INVOLVING PED NOT INCLUDED IN DCAs 100-108.,No,Day,No,T intersection,Other injury accident,Not known,144.9194,-37.68239,HUME,METROPOLITAN NORTH WEST REGION,2,1,0,0,1,1,0,2,0,0,1,1,0,0,0,0,0,0,1,0,No,0,1,0,1,0,0,Metropolitan Excluding CBD
5/11/2014,14.45.00,No,Collision with vehicle,RIGHT THROUGH,No,Day,Yes,Cross intersection,Other injury accident,60 km/hr,145.0062,-37.74564,DAREBIN,METROPOLITAN NORTH WEST REGION,3,2,0,0,2,1,1,2,0,1,2,0,0,0,0,0,0,0,0,0,No,0,2,0,2,0,0,Metropolitan Excluding CBD
5/11/2014,07.15.00,No,No collision and no object struck,OFF CARRIAGEWAY TO LEFT,No,Day,No,Not at intersection,Other injury accident,Not known,145.32813,-38.02905,CASEY,METROPOLITAN SOUTH EAST REGION,1,1,0,0,1,0,0,1,0,0,1,0,0,0,0,0,0,0,0,0,No,0,1,0,1,0,0,Metropolitan Excluding CBD
5/11/2014,19.05.00,Yes,Collision with vehicle,VEHICLE STRIKES ANOTHER VEH WHILE EMERGING FROM DRIVEWAY,Yes,Unk.,No,T intersection,Serious injury accident,50 km/hr,143.73962,-37.04798,CENTRAL GOLDFIELDS,WESTERN REGION,2,1,0,1,0,1,1,0,1,0,0,0,0,0,1,0,1,0,0,0,No,0,2,0,0,0,0,Other Towns
5/11/2014,14.30.00,No,Vehicle overturned (no collision),OUT OF CONTROL ON CARRIAGEWAY (ON STRAIGHT),No,Day,No,T intersection,Other injury accident,60 km/hr,145.12904,-37.0195,MITCHELL,NORTHERN REGION,1,1,0,0,1,0,1,0,0,0,0,0,0,1,0,0,0,0,0,0,No,0,1,0,0,1,0,Other Towns
5/11/2014,20.55.00,Yes,Collision with vehicle,RIGHT THROUGH,No,Dark Street lights on,Yes,T intersection,Other injury accident,50 km/hr,144.9764,-37.77467,MORELAND,METROPOLITAN NORTH WEST REGION,2,1,0,0,1,1,1,1,1,0,1,0,0,0,0,0,0,0,0,0,No,0,2,0,1,0,0,Metropolitan Excluding CBD
5/11/2014,20.42.00,Yes,Collision with vehicle,RIGHT NEAR (INTERSECTIONS ONLY),No,Dark Street lights on,Yes,Multiple intersection,Other injury accident,60 km/hr,144.88317,-37.73396,MOONEE VALLEY,METROPOLITAN NORTH WEST REGION,2,1,0,0,1,1,1,1,0,0,2,0,0,0,0,0,0,0,0,1,No,0,2,0,2,0,0,Metropolitan Excluding CBD
5/11/2014,22.25.00,Yes,Collision with a fixed object,RIGHT OFF CARRIAGEWAY INTO OBJECT/PARKED VEHICLE,No,Dark Street lights on,Yes,Not at intersection,Serious injury accident,60 km/hr,144.80427,-37.78298,BRIMBANK,METROPOLITAN NORTH WEST REGION,2,2,0,2,0,0,1,1,0,1,1,0,0,0,0,0,0,0,0,0,Yes,0,1,0,1,0,0,Metropolitan Excluding CBD
5/11/2014,23.20.00,Yes,Collision with vehicle,VEHICLE STRIKES ANOTHER VEH WHILE EMERGING FROM DRIVEWAY,No,Dark Street lights on,Yes,Not at intersection,Serious injury accident,60 km/hr,145.18682,-37.96861,DANDENONG,METROPOLITAN SOUTH EAST REGION,4,3,0,2,1,1,3,1,0,2,2,0,0,0,0,0,0,0,0,1,No,1,2,0,2,0,0,Metropolitan Excluding CBD
5/11/2014,08.45.00,No,Collision with vehicle,RIGHT NEAR (INTERSECTIONS ONLY),No,Day,Yes,Cross intersection,Other injury accident,40 km/hr,144.99749,-37.80098,YARRA,METROPOLITAN NORTH WEST REGION,2,1,0,0,1,1,1,1,1,0,1,0,0,0,0,0,0,0,0,0,No,0,2,0,1,0,0,Metropolitan Excluding CBD
5/11/2014,13.15.00,No,Collision with vehicle,RIGHT THROUGH,No,Day,Yes,Cross intersection,Other injury accident,70 km/hr,145.11993,-37.85071,WHITEHORSE,METROPOLITAN SOUTH EAST REGION,6,1,0,0,1,5,1,3,0,3,3,0,0,0,0,0,0,0,0,0,No,0,3,0,3,0,0,Metropolitan Excluding CBD
5/11/2014,12.40.00,No,Collision with vehicle,VEHICLE STRIKES DOOR OF PARKED/STATIONARY VEHICLE,No,Day,Yes,Not at intersection,Other injury accident,50 km/hr,144.96802,-37.81872,MELBOURNE,METROPOLITAN NORTH WEST REGION,3,1,0,0,1,2,3,0,1,1,1,0,0,0,0,0,0,0,0,0,No,0,2,0,1,0,0,Metropolitan Excluding CBD
5/11/2014,16.00.00,No,Vehicle overturned (no collision),OUT OF CONTROL ON CARRIAGEWAY (ON BEND),No,Day,Yes,Not at intersection,Serious injury accident,60 km/hr,144.38939,-38.05753,GEELONG,SOUTH WESTERN REGION,1,1,0,1,0,0,1,0,0,0,0,0,0,1,0,0,0,0,0,0,No,0,1,0,0,1,0,Large Provincial Cities
5/11/2014,15.10.00,No,Collision with a fixed object,LEFT OFF CARRIAGEWAY INTO OBJECT/PARKED VEHICLE,No,Day,Yes,Not at intersection,Other injury accident,60 km/hr,144.98366,-37.79165,YARRA,METROPOLITAN NORTH WEST REGION,1,1,0,0,1,0,1,0,0,0,1,0,0,0,0,0,0,0,0,0,No,0,1,0,1,0,0,Metropolitan Excluding CBD
5/11/2014,14.30.00,No,Collision with vehicle,PARKED VEHICLES ONLY,No,Day,No,Not at intersection,Other injury accident,50 km/hr,145.34759,-38.05504,CASEY,METROPOLITAN SOUTH EAST REGION,2,1,0,0,1,1,0,2,0,0,1,1,0,0,0,0,0,0,0,0,No,0,2,0,2,0,0,Metropolitan Excluding CBD
5/11/2014,16.30.00,No,Fall from or in moving vehicle,FELL IN/FROM VEHICLE,No,Day,Yes,Not at intersection,Serious injury accident,60 km/hr,145.79772,-37.25476,MURRINDINDI,NORTH EASTERN REGION,3,1,0,1,0,2,1,2,0,2,1,0,0,0,0,0,0,0,0,0,No,0,1,0,1,0,0,Country
5/11/2014,08.10.00,No,Collision with vehicle,RIGHT THROUGH,No,Unk.,No,T intersection,Other injury accident,60 km/hr,144.98759,-37.83306,MELBOURNE,METROPOLITAN NORTH WEST REGION,2,1,0,0,1,1,1,0,0,0,0,0,0,1,1,0,0,0,0,0,No,0,2,0,0,1,0,Metropolitan Excluding CBD
5/11/2014,09.00.00,No,Collision with vehicle,REAR END(VEHICLES IN SAME LANE),No,Unk.,No,Not at intersection,Other injury accident,60 km/hr,144.91466,-37.80149,MELBOURNE,METROPOLITAN NORTH WEST REGION,2,1,0,0,1,1,0,2,0,0,2,0,0,0,0,0,0,0,0,1,No,0,2,0,2,0,0,Metropolitan Excluding CBD
5/11/2014,07.00.00,No,No collision and no object struck,OFF CARRIAGEWAY TO LEFT,Yes,Dusk/Dawn,No,Not at intersection,Other injury accident,80 km/hr,144.99187,-37.64818,WHITTLESEA,METROPOLITAN NORTH WEST REGION,2,1,0,0,1,1,1,0,0,0,1,0,0,0,1,0,0,0,0,0,No,0,2,0,1,0,0,Metropolitan Excluding CBD
5/11/2014,14.30.00,No,No collision and no object struck,OFF CARRIAGEWAY TO LEFT,No,Unk.,No,Not at intersection,Other injury accident,50 km/hr,145.02062,-37.64384,WHITTLESEA,METROPOLITAN NORTH WEST REGION,2,2,0,0,2,0,2,0,0,1,1,0,0,0,0,0,0,0,0,0,No,0,1,0,1,0,0,Metropolitan Excluding CBD
5/11/2014,19.10.00,Yes,Collision with vehicle,VEHICLE STRIKES DOOR OF PARKED/STATIONARY VEHICLE,No,Dusk/Dawn,No,Cross intersection,Other injury accident,50 km/hr,144.94697,-37.80709,MELBOURNE,METROPOLITAN NORTH WEST REGION,2,1,0,0,1,1,1,0,1,0,0,0,0,0,1,0,0,0,0,0,No,0,2,0,0,0,0,Metropolitan Excluding CBD
5/11/2014,20.55.00,Yes,Collision with vehicle,REAR END(VEHICLES IN SAME LANE),No,Dark Street lights on,Yes,T intersection,Other injury accident,80 km/hr,145.24707,-38.00304,CASEY,METROPOLITAN SOUTH EAST REGION,6,1,0,0,1,5,2,2,0,3,3,0,0,0,0,0,0,0,0,1,No,0,3,0,3,0,0,Metropolitan Excluding CBD
5/11/2014,17.10.00,No,Collision with vehicle,VEHICLE COLLIDES WITH VEHICLE PARKED ON LEFT OF ROAD,No,Day,Yes,Not at intersection,Other injury accident,50 km/hr,145.11618,-37.70416,BANYULE,METROPOLITAN NORTH WEST REGION,1,1,0,0,1,0,0,1,0,0,1,0,0,0,0,0,0,0,0,0,No,0,2,0,2,0,0,Metropolitan Excluding CBD
5/11/2014,16.20.00,No,Collision with vehicle,CROSS TRAFFIC(INTERSECTIONS ONLY),No,Day,No,Cross intersection,Other injury accident,50 km/hr,144.87277,-37.74258,MOONEE VALLEY,METROPOLITAN NORTH WEST REGION,2,1,0,0,1,1,1,1,1,0,1,0,0,0,0,0,0,0,0,0,No,0,2,0,1,0,0,Metropolitan Excluding CBD
5/11/2014,18.40.00,Yes,Collision with vehicle,RIGHT THROUGH,No,Day,Yes,Cross intersection,Other injury accident,40 km/hr,144.98039,-37.85798,PORT PHILLIP,METROPOLITAN NORTH WEST REGION,2,1,0,0,1,1,0,2,0,0,2,0,0,0,0,0,0,0,0,1,No,0,2,0,2,0,0,Metropolitan Excluding CBD
6/11/2014,00.10.00,Yes,Collision with a fixed object,LEFT OFF CARRIAGEWAY INTO OBJECT/PARKED VEHICLE,No,Dark Street lights on,Yes,Not at intersection,Other injury accident,60 km/hr,144.93246,-37.62187,HUME,METROPOLITAN NORTH WEST REGION,1,1,0,0,1,0,1,0,0,0,1,0,0,0,0,0,0,0,0,0,No,0,1,0,1,0,0,Metropolitan Excluding CBD
6/11/2014,06.17.00,No,Collision with vehicle,REAR END(VEHICLES IN SAME LANE),No,Dusk/Dawn,Yes,Not at intersection,Other injury accident,70 km/hr,144.98942,-37.82122,MELBOURNE,METROPOLITAN NORTH WEST REGION,2,1,0,0,1,1,1,1,0,0,2,0,0,0,0,0,0,0,0,1,No,0,2,0,2,0,0,Metropolitan Excluding CBD
6/11/2014,08.08.00,No,No collision and no object struck,OUT OF CONTROL ON CARRIAGEWAY (ON STRAIGHT),No,Day,Yes,Cross intersection,Serious injury accident,40 km/hr,144.99399,-37.84777,STONNINGTON,METROPOLITAN SOUTH EAST REGION,2,1,0,1,0,1,1,1,1,0,1,0,0,0,0,0,0,0,0,0,No,0,2,1,0,0,0,Metropolitan Excluding CBD
6/11/2014,07.25.00,No,Struck Pedestrian,PED STRUCK WALKING TO/FROM OR BOARDING/ALIGHTING VEHICLE.,No,Dusk/Dawn,Yes,Cross intersection,Serious injury accident,60 km/hr,145.09279,-37.86579,BOROONDARA,METROPOLITAN SOUTH EAST REGION,3,1,0,1,0,2,3,0,0,0,2,1,0,0,0,0,0,1,0,0,No,0,2,0,1,0,1,Metropolitan Excluding CBD
6/11/2014,10.24.00,No,Struck Pedestrian,FAR SIDE. PED HIT BY VEHICLE FROM THE LEFT,No,Day,No,Not at intersection,Other injury accident,40 km/hr,145.03591,-37.81964,BOROONDARA,METROPOLITAN SOUTH EAST REGION,3,1,0,0,1,2,2,1,0,1,1,1,0,0,0,0,0,0,0,1,No,0,2,0,2,0,0,Metropolitan Excluding CBD
6/11/2014,11.05.00,No,Collision with a fixed object,RIGHT OFF CARRIAGEWAY INTO OBJECT/PARKED VEHICLE,No,Day,Yes,Not at intersection,Serious injury accident,100 km/hr,144.76761,-37.86836,HOBSONS BAY,METROPOLITAN NORTH WEST REGION,4,2,0,2,0,2,1,3,0,3,1,0,0,0,0,0,0,0,0,1,No,0,1,0,1,0,0,Metropolitan Excluding CBD
6/11/2014,06.46.00,No,Collision with a fixed object,RIGHT OFF CARRIAGEWAY INTO OBJECT/PARKED VEHICLE,No,Dusk/Dawn,Yes,Not at intersection,Serious injury accident,100 km/hr,146.99298,-38.35983,WELLINGTON,EASTERN REGION,1,1,0,1,0,0,1,0,0,0,1,0,0,0,0,0,0,0,0,1,No,0,1,0,1,0,0,Country
6/11/2014,11.00.00,No,Collision with a fixed object,LEFT OFF CARRIAGEWAY INTO OBJECT/PARKED VEHICLE,No,Day,Yes,Not at intersection,Serious injury accident,110 km/hr,144.5807,-37.46405,MACEDON RANGES,NORTHERN REGION,1,1,0,1,0,0,0,1,0,0,1,0,0,0,0,0,0,0,0,0,No,0,1,0,1,0,0,Other Towns
6/11/2014,08.40.00,No,Collision with vehicle,RIGHT THROUGH,No,Day,Yes,T intersection,Other injury accident,50 km/hr,144.97132,-37.8299,MELBOURNE,METROPOLITAN NORTH WEST REGION,2,1,0,0,1,1,1,1,1,0,1,0,0,0,0,0,0,0,0,0,No,0,2,0,1,0,0,Metropolitan Excluding CBD