ACCIDENT_DATE,ACCIDENT_TIME,ALCOHOLTIME,ACCIDENT_TYPE,DCA_CODE,HIT_RUN_FLAG,LIGHT_CONDITION,POLICE_ATTEND,ROAD_GEOMETRY,SEVERITY,SPEED_ZONE,LONGITUDE,LATITUDE,LGA_NAME,REGION_NAME,TOTAL_PERSONS,INJ_OR_FATAL,FATALITY,SERIOUSINJURY,OTHERINJURY,NONINJURED,MALES,FEMALES,BICYCLIST,PASSENGER,DRIVER,PEDESTRIAN,PILLION,MOTORIST,UNKNOWN,PED_CYCLIST_5_12,PED_CYCLIST_13_18,OLD_PEDESTRIAN,OLD_DRIVER,YOUNG_DRIVER,ALCOHOL_RELATED,UNLICENCSED,NO_OF_VEHICLES,HEAVYVEHICLE,PASSENGERVEHICLE,MOTORCYCLE,PUBLICVEHICLE,DEG_URBAN_NAME
16/11/2014,12.15.00,No,Collision with a fixed object,OFF RIGHT BEND INTO OBJECT/PARKED VEHICLE,No,Day,Yes,Not at intersection,Other injury accident,90 km/hr,145.52454,-37.84535,YARRA RANGES,METROPOLITAN SOUTH EAST REGION,3,2,0,0,2,1,1,2,0,2,1,0,0,0,0,0,0,0,0,0,No,0,1,0,1,0,0,Country
16/11/2014,11.20.00,No,No collision and no object struck,OFF CARRIAGEWAY ON RIGHT BEND,No,Day,No,Not at intersection,Other injury accident,Not known,146.34581,-37.01844,MANSFIELD,NORTH EASTERN REGION,1,1,0,0,1,0,1,0,0,0,0,0,0,1,0,0,0,0,0,0,No,0,1,0,0,1,0,Country
16/11/2014,11.30.00,No,Collision with a fixed object,RIGHT OFF CARRIAGEWAY INTO OBJECT/PARKED VEHICLE,No,Day,No,Not at intersection,Serious injury accident,Not known,146.10329,-38.7047,SOUTH GIPPSLAND,EASTERN REGION,1,1,0,1,0,0,1,0,0,0,1,0,0,0,0,0,0,0,0,0,No,0,1,0,1,0,0,Country
16/11/2014,16.00.00,No,Collision with vehicle,RIGHT REAR.,No,Day,No,T intersection,Other injury accident,60 km/hr,144.98788,-37.83163,MELBOURNE,METROPOLITAN NORTH WEST REGION,4,1,0,0,1,3,3,1,0,0,1,0,0,0,3,0,0,0,0,0,No,0,4,0,1,0,0,Metropolitan Excluding CBD
16/11/2014,14.00.00,No,Collision with vehicle,REAR END(VEHICLES IN SAME LANE),No,Day,No,T intersection,Other injury accident,50 km/hr,145.00877,-37.8169,YARRA,METROPOLITAN NORTH WEST REGION,3,1,0,0,1,2,2,1,0,1,1,0,0,0,1,0,0,0,0,0,No,0,2,0,1,0,0,Metropolitan Excluding CBD
16/11/2014,17.30.00,Yes,No collision and no object struck,OFF CARRIAGEWAY ON RIGHT BEND,No,Day,No,Not at intersection,Other injury accident,Not known,145.51862,-37.59894,YARRA RANGES,METROPOLITAN SOUTH EAST REGION,1,1,0,0,1,0,1,0,0,0,0,0,0,1,0,0,0,0,0,0,No,0,1,0,0,1,0,Country
16/11/2014,20.00.00,Yes,Vehicle overturned (no collision),OUT OF CONTROL ON CARRIAGEWAY (ON STRAIGHT),No,Dusk/Dawn,No,Cross intersection,Other injury accident,Not known,144.87209,-37.74638,MOONEE VALLEY,METROPOLITAN NORTH WEST REGION,1,1,0,0,1,0,1,0,0,0,0,0,0,1,0,0,0,0,0,0,No,0,1,0,0,1,0,Metropolitan Excluding CBD
16/11/2014,15.00.00,No,Collision with vehicle,REVERSING IN STREAM OF TRAFFIC,No,Day,No,T intersection,Other injury accident,50 km/hr,145.04616,-37.74343,BANYULE,METROPOLITAN NORTH WEST REGION,2,1,0,0,1,1,1,1,0,0,2,0,0,0,0,0,0,0,0,0,No,0,2,0,2,0,0,Metropolitan Excluding CBD
16/11/2014,16.30.00,Yes,Collision with a fixed object,OFF LEFT BEND INTO OBJECT/PARKED VEHICLE,No,Day,No,Not at intersection,Other injury accident,100 km/hr,143.37327,-37.38112,PYRENEES,WESTERN REGION,1,1,0,0,1,0,0,1,0,0,1,0,0,0,0,0,0,0,0,1,No,0,1,0,1,0,0,Country
16/11/2014,14.00.00,No,Collision with a fixed object,OFF LEFT BEND INTO OBJECT/PARKED VEHICLE,No,Day,No,Not at intersection,Other injury accident,Not known,145.17364,-37.13687,MITCHELL,NORTHERN REGION,1,1,0,0,1,0,1,0,0,0,0,0,0,1,0,0,0,0,0,0,No,0,1,0,0,1,0,Country
17/11/2014,05.30.00,Yes,Collision with vehicle,HEAD ON (NOT OVERTAKING),No,Dusk/Dawn,Yes,Not at intersection,Other injury accident,100 km/hr,144.78122,-37.61586,HUME,METROPOLITAN NORTH WEST REGION,2,1,0,0,1,1,1,1,0,0,2,0,0,0,0,0,0,0,0,0,No,0,2,0,2,0,0,Country
17/11/2014,06.35.00,Yes,Collision with vehicle,REAR END(VEHICLES IN SAME LANE),No,Dusk/Dawn,Yes,Not at intersection,Other injury accident,80 km/hr,145.24334,-38.02572,DANDENONG,METROPOLITAN SOUTH EAST REGION,2,1,0,0,1,1,2,0,1,0,1,0,0,0,0,0,0,0,0,1,No,0,2,0,1,0,0,Metropolitan Excluding CBD
17/11/2014,06.00.00,Yes,Collision with vehicle,REAR END(VEHICLES IN SAME LANE),No,Dusk/Dawn,Yes,Not at intersection,Other injury accident,100 km/hr,145.72112,-35.97052,MOIRA,NORTH EASTERN REGION,5,4,0,0,4,1,4,1,0,3,2,0,0,0,0,0,0,0,0,1,No,0,2,0,2,0,0,Country
17/11/2014,07.00.00,No,Collision with vehicle,RIGHT REAR.,No,Dusk/Dawn,Yes,T intersection,Other injury accident,60 km/hr,144.87656,-38.36714,MORNINGTON PENINSULA,METROPOLITAN SOUTH EAST REGION,3,1,0,0,1,2,2,1,0,1,2,0,0,0,0,0,0,0,0,1,No,0,2,0,2,0,0,Metropolitan Excluding CBD
17/11/2014,07.32.00,Yes,Collision with vehicle,RIGHT THROUGH,No,Dusk/Dawn,Yes,Not at intersection,Other injury accident,60 km/hr,144.98258,-37.82383,MELBOURNE,METROPOLITAN NORTH WEST REGION,2,1,0,0,1,1,1,1,0,0,2,0,0,0,0,0,0,0,0,0,No,0,2,0,2,0,0,Metropolitan Excluding CBD
17/11/2014,09.45.00,No,Collision with vehicle,CROSS TRAFFIC(INTERSECTIONS ONLY),No,Day,Yes,Cross intersection,Other injury accident,50 km/hr,143.8395,-37.57901,BALLARAT,WESTERN REGION,2,1,0,0,1,1,2,0,0,0,2,0,0,0,0,0,0,0,0,0,No,0,2,0,2,0,0,Large Provincial Cities
17/11/2014,09.05.00,No,Collision with vehicle,CROSS TRAFFIC(INTERSECTIONS ONLY),No,Day,Yes,Cross intersection,Other injury accident,60 km/hr,143.85871,-37.54872,BALLARAT,WESTERN REGION,2,1,0,0,1,1,1,1,0,0,2,0,0,0,0,0,0,0,0,0,No,0,2,0,2,0,0,Large Provincial Cities
17/11/2014,10.25.00,No,Collision with vehicle,LANE CHANGE RIGHT (NOT OVERTAKING),No,Day,Yes,Not at intersection,Other injury accident,40 km/hr,144.969,-37.8087,MELBOURNE,METROPOLITAN NORTH WEST REGION,2,1,0,0,1,1,2,0,0,0,1,0,0,1,0,0,0,0,0,0,No,0,2,0,1,1,0,Metropolitan CBD Only
17/11/2014,09.00.00,No,Collision with vehicle,VEHICLE STRIKES DOOR OF PARKED/STATIONARY VEHICLE,No,Unk.,No,Not at intersection,Serious injury accident,40 km/hr,144.99752,-37.82564,YARRA,METROPOLITAN NORTH WEST REGION,3,1,0,1,0,2,3,0,1,0,2,0,0,0,0,0,0,0,0,0,No,0,3,0,2,0,0,Metropolitan Excluding CBD
17/11/2014,11.45.00,No,Collision with a fixed object,LEFT OFF CARRIAGEWAY INTO OBJECT/PARKED VEHICLE,No,Day,Yes,Not at intersection,Other injury accident,100 km/hr,145.41682,-38.07644,CARDINIA,METROPOLITAN SOUTH EAST REGION,1,1,0,0,1,0,1,0,0,0,1,0,0,0,0,0,0,0,0,0,No,0,1,0,1,0,0,Small Towns
17/11/2014,08.25.00,No,Collision with vehicle,REAR END(VEHICLES IN SAME LANE),No,Day,Yes,Not at intersection,Fatal accident,80 km/hr,145.02289,-37.83245,YARRA,METROPOLITAN NORTH WEST REGION,3,1,1,0,0,2,3,0,0,0,2,0,0,1,0,0,0,0,0,1,No,0,3,1,1,1,0,Metropolitan Excluding CBD
17/11/2014,10.30.00,No,Collision with vehicle,RIGHT FAR (INTERSECTIONS ONLY),No,Day,Yes,T intersection,Serious injury accident,100 km/hr,143.58286,-37.80734,GOLDEN PLAINS,SOUTH WESTERN REGION,2,1,0,1,0,1,2,0,0,0,2,0,0,0,0,0,0,0,1,0,No,0,2,1,1,0,0,Country
17/11/2014,10.45.00,No,Collision with a fixed object,RIGHT OFF CARRIAGEWAY INTO OBJECT/PARKED VEHICLE,No,Day,Yes,Not at intersection,Serious injury accident,100 km/hr,142.57181,-38.35169,MOYNE,SOUTH WESTERN REGION,3,2,0,2,0,1,2,1,0,1,2,0,0,0,0,0,0,0,0,2,No,0,2,0,2,0,0,Country
17/11/2014,09.45.00,No,Struck Pedestrian,FAR SIDE. PED HIT BY VEHICLE FROM THE LEFT,No,Day,Yes,Not at intersection,Serious injury accident,80 km/hr,145.13897,-37.94735,DANDENONG,METROPOLITAN SOUTH EAST REGION,3,1,0,1,0,2,1,2,0,1,1,1,0,0,0,0,0,1,1,0,No,0,1,0,1,0,0,Metropolitan Excluding CBD
17/11/2014,12.40.00,No,Vehicle overturned (no collision),OFF CARRIAGEWAY TO LEFT,No,Day,Yes,Not at intersection,Serious injury accident,100 km/hr,144.01036,-38.09494,GOLDEN PLAINS,SOUTH WESTERN REGION,1,1,0,1,0,0,0,1,0,0,1,0,0,0,0,0,0,0,0,0,No,0,1,0,1,0,0,Country
17/11/2014,14.55.00,No,Collision with vehicle,REAR END(VEHICLES IN SAME LANE),No,Day,Yes,Not at intersection,Other injury accident,60 km/hr,145.29802,-38.07084,CASEY,METROPOLITAN SOUTH EAST REGION,4,1,0,0,1,3,1,3,0,1,3,0,0,0,0,0,0,0,0,2,No,0,3,0,3,0,0,Metropolitan Excluding CBD
17/11/2014,13.00.00,No,Collision with vehicle,OTHER SAME DIRECTION-MANOUEVRES NOT INCLUDED IN DCAs 130-137,No,Day,Yes,Not at intersection,Fatal accident,100 km/hr,144.95364,-38.34239,MORNINGTON PENINSULA,METROPOLITAN SOUTH EAST REGION,3,3,2,1,0,0,3,0,0,1,2,0,0,0,0,0,0,0,0,1,No,0,2,0,2,0,0,Metropolitan Excluding CBD
17/11/2014,12.50.00,No,Collision with vehicle,REAR END(VEHICLES IN SAME LANE),No,Day,Yes,Not at intersection,Serious injury accident,100 km/hr,145.27518,-37.99773,CASEY,METROPOLITAN SOUTH EAST REGION,2,1,0,1,0,1,2,0,0,0,1,0,0,1,0,0,0,0,0,0,No,0,2,0,1,1,0,Metropolitan Excluding CBD
17/11/2014,17.12.00,Yes,Collision with vehicle,RIGHT THROUGH,No,Day,Yes,Cross intersection,Serious injury accident,Not known,144.67222,-37.83615,WYNDHAM,METROPOLITAN NORTH WEST REGION,2,1,0,1,0,1,1,1,0,0,1,0,0,1,0,0,0,0,0,0,No,0,2,0,1,1,0,Metropolitan Excluding CBD
17/11/2014,18.30.00,Yes,Struck Pedestrian,PED NEAR SIDE. PED HIT BY VEHICLE FROM THE RIGHT.,No,Day,Yes,T intersection,Serious injury accident,60 km/hr,145.13217,-38.02983,KINGSTON,METROPOLITAN SOUTH EAST REGION,2,1,0,1,0,1,0,2,0,0,1,1,0,0,0,0,0,0,0,0,No,0,1,0,1,0,0,Metropolitan Excluding CBD
17/11/2014,17.25.00,No,Collision with vehicle,CROSS TRAFFIC(INTERSECTIONS ONLY),No,Day,Yes,Cross intersection,Serious injury accident,80 km/hr,145.31042,-37.98154,CASEY,METROPOLITAN SOUTH EAST REGION,2,1,0,1,0,1,1,1,0,0,2,0,0,0,0,0,0,0,0,0,No,0,2,0,2,0,0,Metropolitan Excluding CBD
17/11/2014,21.30.00,Yes,Collision with vehicle,VEHICLE COLLIDES WITH VEHICLE PARKED ON LEFT OF ROAD,No,Dark Street lights on,Yes,Not at intersection,Other injury accident,60 km/hr,144.77384,-37.87124,HOBSONS BAY,METROPOLITAN NORTH WEST REGION,1,1,0,0,1,0,0,1,0,0,1,0,0,0,0,0,0,0,0,0,No,0,3,0,3,0,0,Metropolitan Excluding CBD
17/11/2014,15.07.00,No,Collision with vehicle,HEAD ON (NOT OVERTAKING),No,Day,Yes,Not at intersection,Other injury accident,50 km/hr,144.75305,-37.68334,MELTON,METROPOLITAN NORTH WEST REGION,3,2,0,0,2,1,2,1,0,1,2,0,0,0,0,0,0,0,0,0,No,0,2,0,2,0,0,Metropolitan Excluding CBD
17/11/2014,18.45.00,Yes,No collision and no object struck,OUT OF CONTROL ON CARRIAGEWAY (ON STRAIGHT),No,Day,No,Not at intersection,Serious injury accident,60 km/hr,145.0666,-37.75627,BANYULE,METROPOLITAN NORTH WEST REGION,2,1,0,1,0,1,0,2,1,0,1,0,0,0,0,0,0,0,0,0,No,0,2,0,1,0,0,Metropolitan Excluding CBD
17/11/2014,22.30.00,Yes,Collision with a fixed object,LEFT OFF CARRIAGEWAY INTO OBJECT/PARKED VEHICLE,No,Dark No street lights,No,Not at intersection,Other injury accident,100 km/hr,147.51012,-37.86177,EAST GIPPSLAND,EASTERN REGION,3,2,0,0,2,1,2,1,0,2,1,0,0,0,0,0,0,0,0,1,No,0,1,0,1,0,0,Country
17/11/2014,17.50.00,No,No collision and no object struck,OUT OF CONTROL ON CARRIAGEWAY (ON STRAIGHT),No,Day,Yes,Not at intersection,Serious injury accident,50 km/hr,144.83034,-37.86887,HOBSONS BAY,METROPOLITAN NORTH WEST REGION,1,1,0,1,0,0,0,1,1,0,0,0,0,0,0,0,0,0,0,0,No,0,1,0,0,0,0,Metropolitan Excluding CBD
17/11/2014,07.55.00,Yes,Collision with vehicle,REAR END(VEHICLES IN SAME LANE),No,Dusk/Dawn,No,Not at intersection,Other injury accident,100 km/hr,144.87648,-37.68575,HUME,METROPOLITAN NORTH WEST REGION,2,1,0,0,1,1,1,1,0,0,2,0,0,0,0,0,0,0,0,1,No,0,2,0,2,0,0,Metropolitan Excluding CBD
17/11/2014,18.15.00,Yes,Collision with vehicle,VEHICLE STRIKES DOOR OF PARKED/STATIONARY VEHICLE,No,Day,No,Not at intersection,Other injury accident,50 km/hr,144.33815,-38.14673,GEELONG,SOUTH WESTERN REGION,2,1,0,0,1,1,0,2,1,0,1,0,0,0,0,0,0,0,0,0,No,0,2,0,1,0,0,Large Provincial Cities
17/11/2014,16.05.00,No,Collision with vehicle,REAR END(VEHICLES IN SAME LANE),No,Day,No,Not at intersection,Other injury accident,60 km/hr,145.03937,-37.79641,BOROONDARA,METROPOLITAN SOUTH EAST REGION,2,1,0,0,1,1,0,2,0,0,2,0,0,0,0,0,0,0,0,0,No,0,2,0,2,0,0,Metropolitan Excluding CBD
17/11/2014,20.31.00,Yes,Collision with vehicle,VEHICLE STRIKES ANOTHER VEH WHILE EMERGING FROM DRIVEWAY,No,Dusk/Dawn,Yes,Not at intersection,Other injury accident,60 km/hr,145.09473,-37.60047,WHITTLESEA,METROPOLITAN NORTH WEST REGION,3,1,0,0,1,2,2,1,0,1,2,0,0,0,0,0,0,0,0,1,No,0,2,0,2,0,0,Metropolitan Excluding CBD
17/11/2014,09.40.00,Yes,Vehicle overturned (no collision),OFF CARRIAGEWAY ON LEFT BEND,No,Day,Yes,Not at intersection,Other injury accident,60 km/hr,145.36985,-37.81122,YARRA RANGES,METROPOLITAN SOUTH EAST REGION,1,1,0,0,1,0,1,0,0,0,1,0,0,0,0,0,0,0,0,0,No,0,1,0,1,0,0,Metropolitan Excluding CBD
17/11/2014,16.45.00,Yes,Collision with vehicle,RIGHT THROUGH,No,Day,No,Not at intersection,Other injury accident,60 km/hr,144.93187,-38.34699,MORNINGTON PENINSULA,METROPOLITAN SOUTH EAST REGION,2,1,0,0,1,1,1,1,1,0,1,0,0,0,0,0,0,0,0,0,No,0,2,0,1,0,0,Metropolitan Excluding CBD
17/11/2014,08.30.00,No,Collision with vehicle,VEHICLE STRIKES ANOTHER VEH WHILE EMERGING FROM DRIVEWAY,No,Day,No,Not at intersection,Other injury accident,50 km/hr,144.99502,-37.79381,YARRA,METROPOLITAN NORTH WEST REGION,2,1,0,0,1,1,0,2,0,0,2,0,0,0,0,0,0,0,0,0,No,0,2,0,2,0,0,Metropolitan Excluding CBD
17/11/2014,08.20.00,No,Collision with vehicle,RIGHT NEAR (INTERSECTIONS ONLY),No,Day,No,T intersection,Other injury accident,50 km/hr,145.43525,-37.84052,YARRA RANGES,METROPOLITAN SOUTH EAST REGION,2,1,0,0,1,1,0,2,0,0,2,0,0,0,0,0,0,0,0,0,No,0,2,0,2,0,0,Country
17/11/2014,18.30.00,Yes,Collision with vehicle,LANE SIDE SWIPE (VEHICLES IN PARALLEL LANES),No,Day,Yes,Not at intersection,Other injury accident,100 km/hr,144.72496,-37.87631,WYNDHAM,METROPOLITAN NORTH WEST REGION,2,1,0,0,1,1,1,1,0,0,2,0,0,0,0,0,0,0,0,0,No,0,2,1,1,0,0,Metropolitan Excluding CBD
17/11/2014,15.45.00,No,Collision with vehicle,RIGHT REAR.,No,Day,No,Cross intersection,Other injury accident,50 km/hr,145.01444,-37.73195,DAREBIN,METROPOLITAN NORTH WEST REGION,4,1,0,0,1,3,2,2,0,2,2,0,0,0,0,0,0,0,1,1,No,0,2,0,2,0,0,Metropolitan Excluding CBD
18/11/2014,02.00.00,Yes,Vehicle overturned (no collision),OFF CARRIAGEWAY TO LEFT,No,Dark No street lights,Yes,Not at intersection,Serious injury accident,110 km/hr,146.66099,-36.11938,INDIGO,NORTH EASTERN REGION,1,1,0,1,0,0,1,0,0,0,1,0,0,0,0,0,0,0,0,0,No,0,1,1,0,0,0,Country
18/11/2014,09.16.00,No,No collision and no object struck,OUT OF CONTROL ON CARRIAGEWAY (ON STRAIGHT),No,Day,Yes,Not at intersection,Serious injury accident,40 km/hr,144.96423,-37.75487,MORELAND,METROPOLITAN NORTH WEST REGION,2,1,0,1,0,1,0,2,1,0,0,0,0,0,1,0,0,0,0,0,No,0,2,0,1,0,0,Metropolitan Excluding CBD
18/11/2014,09.14.00,No,Collision with vehicle,CROSS TRAFFIC(INTERSECTIONS ONLY),No,Day,Yes,Cross intersection,Other injury accident,40 km/hr,144.98824,-37.78826,YARRA,METROPOLITAN NORTH WEST REGION,2,1,0,0,1,1,0,2,1,0,1,0,0,0,0,0,0,0,0,0,No,0,2,0,1,0,0,Metropolitan Excluding CBD
18/11/2014,08.15.00,No,Collision with vehicle,U TURN,No,Day,Yes,Not at intersection,Other injury accident,70 km/hr,145.01432,-37.90078,BAYSIDE,METROPOLITAN SOUTH EAST REGION,3,1,0,0,1,2,3,0,0,1,1,0,0,1,0,0,0,0,0,0,No,0,2,0,1,1,0,Metropolitan Excluding CBD
18/11/2014,09.40.00,No,Collision with a fixed object,RIGHT OFF CARRIAGEWAY INTO OBJECT/PARKED VEHICLE,No,Day,Yes,Not at intersection,Serious injury accident,100 km/hr,143.50802,-36.96045,PYRENEES,WESTERN REGION,1,1,0,1,0,0,0,1,0,0,1,0,0,0,0,0,0,0,0,0,No,0,1,0,1,0,0,Country
18/11/2014,08.08.00,No,Struck Pedestrian,ANY MANOEUVRE INVOLVING PED NOT INCLUDED IN DCAs 100-108.,Yes,Day,Yes,Not at intersection,Other injury accident,50 km/hr,145.14794,-38.1069,FRANKSTON,METROPOLITAN SOUTH EAST REGION,2,1,0,0,1,1,0,1,0,0,0,1,0,0,1,0,1,0,0,0,No,0,1,0,0,0,0,Metropolitan Excluding CBD
18/11/2014,08.00.00,No,Collision with a fixed object,RIGHT OFF CARRIAGEWAY INTO OBJECT/PARKED VEHICLE,No,Day,Yes,T intersection,Serious injury accident,50 km/hr,144.92197,-37.77584,MOONEE VALLEY,METROPOLITAN NORTH WEST REGION,1,1,0,1,0,0,0,1,0,0,1,0,0,0,0,0,0,0,0,0,No,0,1,0,1,0,0,Metropolitan Excluding CBD
18/11/2014,12.00.00,No,Collision with vehicle,REAR END(VEHICLES IN SAME LANE),No,Day,No,T intersection,Other injury accident,60 km/hr,144.82837,-37.77911,BRIMBANK,METROPOLITAN NORTH WEST REGION,3,1,0,0,1,2,1,2,0,0,3,0,0,0,0,0,0,0,0,0,No,1,3,0,3,0,0,Metropolitan Excluding CBD
18/11/2014,10.30.00,No,Collision with a fixed object,RIGHT OFF CARRIAGEWAY INTO OBJECT/PARKED VEHICLE,No,Day,Yes,Not at intersection,Serious injury accident,80 km/hr,144.32635,-37.85481,GEELONG,SOUTH WESTERN REGION,1,1,0,1,0,0,0,1,0,0,1,0,0,0,0,0,0,0,0,0,No,0,1,0,1,0,0,Country
18/11/2014,11.50.00,No,Collision with vehicle,HEAD ON (NOT OVERTAKING),No,Day,Yes,Not at intersection,Other injury accident,100 km/hr,146.92894,-37.96678,WELLINGTON,EASTERN REGION,2,1,0,0,1,1,1,1,0,0,2,0,0,0,0,0,0,0,0,0,No,0,2,1,1,0,0,Country
18/11/2014,09.05.00,No,Collision with vehicle,REAR END(VEHICLES IN SAME LANE),No,Day,Yes,Not at intersection,Other injury accident,60 km/hr,145.26941,-37.84827,KNOX,METROPOLITAN SOUTH EAST REGION,3,1,0,0,1,2,0,3,0,0,3,0,0,0,0,0,0,0,0,1,No,0,3,0,3,0,0,Metropolitan Excluding CBD
18/11/2014,09.33.00,No,Collision with vehicle,RIGHT REAR.,No,Day,Yes,T intersection,Other injury accident,60 km/hr,144.83042,-37.76799,BRIMBANK,METROPOLITAN NORTH WEST REGION,3,1,0,0,1,2,2,1,0,0,3,0,0,0,0,0,0,0,1,0,No,0,3,0,3,0,0,Metropolitan Excluding CBD
18/11/2014,08.05.00,No,Collision with a fixed object,LEFT OFF CARRIAGEWAY INTO OBJECT/PARKED VEHICLE,No,Day,Yes,Not at intersection,Serious injury accident,100 km/hr,145.36688,-36.27415,SHEPPARTON,NORTH EASTERN REGION,1,1,0,1,0,0,1,0,0,0,1,0,0,0,0,0,0,0,0,1,No,0,1,0,1,0,0,Country
18/11/2014,14.30.00,No,Collision with vehicle,REAR END(VEHICLES IN SAME LANE),No,Day,Yes,Not at intersection,Other injury accident,60 km/hr,144.78563,-37.84455,HOBSONS BAY,METROPOLITAN NORTH WEST REGION,2,1,0,0,1,1,2,0,0,0,2,0,0,0,0,0,0,0,0,0,No,0,2,0,2,0,0,Metropolitan Excluding CBD
18/11/2014,05.40.00,Yes,No collision and no object struck,OUT OF CONTROL ON CARRIAGEWAY (ON STRAIGHT),No,Dusk/Dawn,No,Not at intersection,Serious injury accident,60 km/hr,144.7399,-37.75375,MELTON,METROPOLITAN NORTH WEST REGION,2,1,0,1,0,1,1,0,0,0,0,0,0,1,1,0,0,0,0,0,No,0,2,0,0,1,0,Metropolitan Excluding CBD
18/11/2014,14.50.00,No,Collision with vehicle,RIGHT THROUGH,No,Day,Yes,T intersection,Other injury accident,60 km/hr,144.92142,-37.76162,MOONEE VALLEY,METROPOLITAN NORTH WEST REGION,2,1,0,0,1,1,1,1,0,0,2,0,0,0,0,0,0,0,0,0,No,0,2,0,2,0,0,Metropolitan Excluding CBD
18/11/2014,14.46.00,No,Collision with vehicle,REAR END(VEHICLES IN SAME LANE),Yes,Day,Yes,Not at intersection,Other injury accident,80 km/hr,145.15385,-37.93116,DANDENONG,METROPOLITAN SOUTH EAST REGION,7,3,0,0,3,4,4,2,0,3,2,0,0,0,2,0,0,0,0,0,No,0,3,0,1,0,0,Metropolitan Excluding CBD
18/11/2014,18.30.00,Yes,Collision with vehicle,RIGHT THROUGH,No,Dusk/Dawn,Yes,T intersection,Serious injury accident,70 km/hr,145.26009,-38.02725,CASEY,METROPOLITAN SOUTH EAST REGION,6,4,0,3,1,2,2,4,0,2,4,0,0,0,0,0,0,0,0,1,No,0,4,0,4,0,0,Metropolitan Excluding CBD
18/11/2014,18.50.00,Yes,Collision with vehicle,VEHICLE OFF FOOTPATH STRIKES VEH ON CARRIAGEWAY,No,Day,Yes,T intersection,Other injury accident,70 km/hr,145.31799,-37.82655,MAROONDAH,METROPOLITAN SOUTH EAST REGION,2,1,0,0,1,1,2,0,1,0,1,0,0,0,0,0,1,0,0,0,No,0,2,0,1,0,0,Metropolitan Excluding CBD
18/11/2014,16.30.00,No,Struck Pedestrian,FAR SIDE. PED HIT BY VEHICLE FROM THE LEFT,No,Day,Yes,Not at intersection,Other injury accident,40 km/hr,144.99857,-37.77151,DAREBIN,METROPOLITAN NORTH WEST REGION,2,1,0,0,1,1,1,1,0,0,1,1,0,0,0,1,0,0,0,0,No,0,1,0,1,0,0,Metropolitan Excluding CBD
18/11/2014,17.20.00,No,Vehicle overturned (no collision),OFF CARRIAGEWAY ON LEFT BEND,No,Day,Yes,Not at intersection,Other injury accident,100 km/hr,147.14771,-36.7727,ALPINE,NORTH EASTERN REGION,1,1,0,0,1,0,1,0,0,0,1,0,0,0,0,0,0,0,0,1,No,0,1,0,1,0,0,Country
18/11/2014,15.05.00,No,Collision with vehicle,REAR END(VEHICLES IN SAME LANE),No,Day,Yes,Not at intersection,Serious injury accident,90 km/hr,145.22209,-38.07558,DANDENONG,METROPOLITAN SOUTH EAST REGION,2,1,0,1,0,1,2,0,0,0,1,0,0,1,0,0,0,0,0,0,No,0,2,0,1,1,0,Metropolitan Excluding CBD
18/11/2014,20.20.00,Yes,Collision with vehicle,HEAD ON (NOT OVERTAKING),No,Dark Street lights on,Yes,Not at intersection,Serious injury accident,70 km/hr,144.84578,-37.7256,BRIMBANK,METROPOLITAN NORTH WEST REGION,3,2,0,1,1,1,2,1,0,1,2,0,0,0,0,0,0,0,0,0,Yes,0,2,0,2,0,0,Metropolitan Excluding CBD
18/11/2014,17.08.00,No,Collision with vehicle,TWO RIGHT TURNING (INTERSECTIONS ONLY),No,Day,Yes,T intersection,Other injury accident,60 km/hr,144.57254,-37.67327,MELTON,METROPOLITAN NORTH WEST REGION,7,1,0,0,1,6,1,5,0,5,2,0,0,0,0,0,0,0,0,1,No,0,2,0,2,0,0,Small Provincial Cities
18/11/2014,22.00.00,Yes,Collision with a fixed object,OFF LEFT BEND INTO OBJECT/PARKED VEHICLE,No,Dark Street lights on,Yes,T intersection,Serious injury accident,50 km/hr,144.56023,-37.69676,MELTON,METROPOLITAN NORTH WEST REGION,1,1,0,1,0,0,1,0,0,0,1,0,0,0,0,0,0,0,0,0,No,0,1,0,1,0,0,Small Provincial Cities
18/11/2014,09.55.00,No,Vehicle overturned (no collision),OFF CARRIAGEWAY ON LEFT BEND,No,Day,Yes,Not at intersection,Serious injury accident,100 km/hr,147.49184,-36.15361,TOWONG,NORTH EASTERN REGION,1,1,0,1,0,0,1,0,0,0,1,0,0,0,0,0,0,0,0,0,No,0,1,1,0,0,0,Country
18/11/2014,13.35.00,No,Struck Pedestrian,FAR SIDE. PED HIT BY VEHICLE FROM THE LEFT,No,Day,Yes,Not at intersection,Other injury accident,60 km/hr,145.02487,-37.65005,WHITTLESEA,METROPOLITAN NORTH WEST REGION,2,1,0,0,1,1,1,1,0,0,1,1,0,0,0,0,1,0,0,0,No,0,1,0,1,0,0,Metropolitan Excluding CBD
18/11/2014,15.55.00,No,Collision with vehicle,REAR END(VEHICLES IN SAME LANE),No,Day,No,Cross intersection,Other injury accident,40 km/hr,145.12552,-37.67798,NILLUMBIK,METROPOLITAN NORTH WEST REGION,2,1,0,0,1,1,1,1,0,0,2,0,0,0,0,0,0,0,0,0,No,0,2,0,2,0,0,Metropolitan Excluding CBD